modelo,experimento,learning_rate,epochs_total,batch_size,mejor_epoch,mejor_val_accuracy,epoca,train_loss,train_accuracy,val_loss,val_accuracy,es_mejor_modelo
RedNeuronalIntermedia,exp_1,0.001,100,1024,11,20.05648148148148,1,19.94856850348021,19.944135802469138,1.6094402434690944,19.974074074074075,False
RedNeuronalIntermedia,exp_1,0.001,100,1024,11,20.05648148148148,2,1.6229775274427314,19.988271604938273,1.6094459666396088,20.010185185185186,False
RedNeuronalIntermedia,exp_1,0.001,100,1024,11,20.05648148148148,3,1.6128538752857007,19.96625514403292,1.609457568177637,19.932407407407407,False
RedNeuronalIntermedia,exp_1,0.001,100,1024,11,20.05648148148148,4,1.61213521831914,19.91574074074074,1.6094572262943916,19.974074074074075,False
RedNeuronalIntermedia,exp_1,0.001,100,1024,11,20.05648148148148,5,1.6120464212016055,19.992901234567903,1.6094578819454841,20.026851851851852,False
RedNeuronalIntermedia,exp_1,0.001,100,1024,11,20.05648148148148,6,1.6099668234273008,19.95401234567901,1.6094585027334825,20.010185185185186,False
RedNeuronalIntermedia,exp_1,0.001,100,1024,11,20.05648148148148,7,1.6146364232113486,19.961111111111112,1.6094555989751276,19.974074074074075,False
RedNeuronalIntermedia,exp_1,0.001,100,1024,11,20.05648148148148,8,1.6110598083546288,20.009876543209877,1.609461285033316,20.026851851851852,False
RedNeuronalIntermedia,exp_1,0.001,100,1024,11,20.05648148148148,9,1.6094597480171604,19.947222222222223,1.6094456618686892,19.974074074074075,False
RedNeuronalIntermedia,exp_1,0.001,100,1024,11,20.05648148148148,10,1.621611236773039,20.03076131687243,1.6094572094251525,19.974074074074075,False
RedNeuronalIntermedia,exp_1,0.001,100,1024,11,20.05648148148148,11,1.6149324850032205,19.99207818930041,1.609449563161382,20.05648148148148,True
RedNeuronalIntermedia,exp_1,0.001,100,1024,11,20.05648148148148,12,1.6096955764921088,20.023045267489714,1.6094418145575613,20.010185185185186,False
RedNeuronalIntermedia,exp_1,0.001,100,1024,11,20.05648148148148,13,1.6111319312296415,20.03508230452675,1.6094739909441966,20.026851851851852,False
RedNeuronalIntermedia,exp_1,0.001,100,1024,11,20.05648148148148,14,1.6099243477771157,19.988168724279834,1.609445773205667,20.026851851851852,False
RedNeuronalIntermedia,exp_1,0.001,100,1024,11,20.05648148148148,15,1.6094538299660934,19.92880658436214,1.6094512062252693,20.010185185185186,False
RedNeuronalIntermedia,exp_1,0.001,100,1024,11,20.05648148148148,16,1.6124974876955935,19.983641975308643,1.6094602650066592,20.026851851851852,False
RedNeuronalIntermedia,exp_1,0.001,100,1024,11,20.05648148148148,17,1.609455967827847,20.005349794238683,1.6094473420449023,20.026851851851852,False
RedNeuronalIntermedia,exp_1,0.001,100,1024,11,20.05648148148148,18,1.609833676564066,19.984979423868314,1.6094403053229709,20.05648148148148,False
RedNeuronalIntermedia,exp_1,0.001,100,1024,11,20.05648148148148,19,1.6094527112810235,20.026440329218108,1.6094780373123456,19.932407407407407,False
RedNeuronalIntermedia,exp_1,0.001,100,1024,11,20.05648148148148,20,1.6096842985404165,20.059979423868313,1.6094533699863363,20.010185185185186,False
RedNeuronalIntermedia,exp_1,0.001,100,1024,11,20.05648148148148,21,1.610167652054837,20.024382716049384,1.609443134856674,20.05648148148148,False
RedNeuronalIntermedia,exp_1,0.001,100,1024,11,20.05648148148148,22,1.6099077481972544,19.99074074074074,1.6094466717738025,20.026851851851852,False
RedNeuronalIntermedia,exp_1,0.001,100,1024,11,20.05648148148148,23,1.6096680201982196,19.991872427983537,1.6094456551209935,20.05648148148148,False
RedNeuronalIntermedia,exp_1,0.001,100,1024,11,20.05648148148148,24,1.60945613534827,19.9380658436214,1.60944335753063,20.010185185185186,False
RedNeuronalIntermedia,exp_1,0.001,100,1024,11,20.05648148148148,25,1.6104257244812814,19.97417695473251,1.6094519169825428,19.974074074074075,False
RedNeuronalIntermedia,exp_1,0.001,100,1024,11,20.05648148148148,26,1.6110560890247947,20.014711934156377,1.6094402727091088,20.05648148148148,False
RedNeuronalIntermedia,exp_1,0.001,100,1024,11,20.05648148148148,27,1.6095337615515057,20.028703703703705,1.6094397430150014,19.974074074074075,False
RedNeuronalIntermedia,exp_1,0.001,100,1024,11,20.05648148148148,28,1.609448828822688,19.98909465020576,1.6094686321492464,19.974074074074075,False
RedNeuronalIntermedia,exp_1,0.001,100,1024,11,20.05648148148148,29,1.6094565292408591,19.989814814814814,1.6094631608927026,19.974074074074075,False
RedNeuronalIntermedia,exp_1,0.001,100,1024,11,20.05648148148148,30,1.60945568925456,19.979423868312757,1.6094425792964,20.010185185185186,False
RedNeuronalIntermedia,exp_1,0.001,100,1024,11,20.05648148148148,31,1.6095005418124952,20.03796296296296,1.6094465784306795,19.974074074074075,False
RedNeuronalIntermedia,exp_1,0.001,100,1024,11,20.05648148148148,32,1.609458009443785,19.88425925925926,1.6094457102271746,19.974074074074075,False
RedNeuronalIntermedia,exp_1,0.001,100,1024,11,20.05648148148148,33,1.6094586496604117,19.956893004115226,1.609449676747592,20.026851851851852,False
RedNeuronalIntermedia,exp_1,0.001,100,1024,11,20.05648148148148,34,1.6096313954654493,19.94639917695473,1.609441599755917,19.974074074074075,False
RedNeuronalIntermedia,exp_1,0.001,100,1024,11,20.05648148148148,35,1.6101798209391143,20.013477366255145,1.609458770392076,20.05648148148148,False
RedNeuronalIntermedia,exp_1,0.001,100,1024,11,20.05648148148148,36,1.6094551272141306,19.973251028806583,1.609438234905027,20.026851851851852,False
RedNeuronalIntermedia,exp_1,0.001,100,1024,11,20.05648148148148,37,1.6094592211121006,19.988168724279834,1.6094613660056636,19.974074074074075,False
RedNeuronalIntermedia,exp_1,0.001,100,1024,11,20.05648148148148,38,1.6094476768845005,20.012860082304528,1.6094809658122513,20.026851851851852,False
RedNeuronalIntermedia,exp_1,0.001,100,1024,11,20.05648148148148,39,1.6094591464494403,19.954526748971194,1.609439362894814,20.026851851851852,False
RedNeuronalIntermedia,exp_1,0.001,100,1024,11,20.05648148148148,40,1.6094579213543942,19.977777777777778,1.609441727962134,19.974074074074075,False
RedNeuronalIntermedia,exp_1,0.001,100,1024,11,20.05648148148148,41,1.6094558458579213,20.01358024691358,1.6094362297148075,20.05648148148148,False
RedNeuronalIntermedia,exp_1,0.001,100,1024,11,20.05648148148148,42,1.6094494183439958,20.030246913580246,1.609449567659846,20.026851851851852,False
RedNeuronalIntermedia,exp_1,0.001,100,1024,11,20.05648148148148,43,1.6094510828821282,20.002469135802468,1.6094565256586615,20.026851851851852,False
RedNeuronalIntermedia,exp_1,0.001,100,1024,11,20.05648148148148,44,1.6094576425301401,19.93343621399177,1.6094637209514402,20.026851851851852,False
RedNeuronalIntermedia,exp_1,0.001,100,1024,11,20.05648148148148,45,1.6094552297341196,20.02088477366255,1.6094783701986637,19.932407407407407,False
RedNeuronalIntermedia,exp_1,0.001,100,1024,11,20.05648148148148,46,1.609458573240983,19.967078189300413,1.6094522183796145,19.932407407407407,False
RedNeuronalIntermedia,exp_1,0.001,100,1024,11,20.05648148148148,47,1.6094554095519216,20.075411522633743,1.6094513265591748,19.974074074074075,False
RedNeuronalIntermedia,exp_1,0.001,100,1024,11,20.05648148148148,48,1.6094558694488124,20.00102880658436,1.6094393482748068,19.974074074074075,False
RedNeuronalIntermedia,exp_1,0.001,100,1024,11,20.05648148148148,49,1.60945005630192,20.033847736625514,1.6094358372238446,20.05648148148148,False
RedNeuronalIntermedia,exp_1,0.001,100,1024,11,20.05648148148148,50,1.6094574013509249,19.978086419753087,1.6094435903261293,19.932407407407407,False
RedNeuronalIntermedia,exp_1,0.001,100,1024,11,20.05648148148148,51,1.6094555759429932,20.008333333333333,1.6094480359329368,20.026851851851852,False
RedNeuronalIntermedia,exp_1,0.001,100,1024,11,20.05648148148148,52,1.6094479567126223,19.981893004115225,1.609465113225973,19.974074074074075,False
RedNeuronalIntermedia,exp_1,0.001,100,1024,11,20.05648148148148,53,1.6094558713310643,19.937962962962963,1.6094453233592916,20.05648148148148,False
RedNeuronalIntermedia,exp_1,0.001,100,1024,11,20.05648148148148,54,1.609453446363148,19.995267489711935,1.6094732846853868,19.974074074074075,False
RedNeuronalIntermedia,exp_1,0.001,100,1024,11,20.05648148148148,55,1.6094596618100216,20.012345679012345,1.6094507226404153,20.026851851851852,False
RedNeuronalIntermedia,exp_1,0.001,100,1024,11,20.05648148148148,56,1.6094576228292365,19.961008230452673,1.6094581709717803,19.974074074074075,False
RedNeuronalIntermedia,exp_1,0.001,100,1024,11,20.05648148148148,57,1.609457883332905,19.968415637860083,1.6094564952940311,19.974074074074075,False
RedNeuronalIntermedia,exp_1,0.001,100,1024,11,20.05648148148148,58,1.6094483198617635,20.034567901234567,1.609476368382292,19.974074074074075,False
RedNeuronalIntermedia,exp_1,0.001,100,1024,11,20.05648148148148,59,1.6094575822980781,19.96028806584362,1.6094473116802719,19.974074074074075,False
RedNeuronalIntermedia,exp_1,0.001,100,1024,11,20.05648148148148,60,1.609452241094489,19.97222222222222,1.6094404290307243,19.974074074074075,False
RedNeuronalIntermedia,exp_1,0.001,100,1024,11,20.05648148148148,61,1.6094521393274006,19.90874485596708,1.6094640617100697,20.026851851851852,False
RedNeuronalIntermedia,exp_1,0.001,100,1024,11,20.05648148148148,62,1.609456286179392,20.004732510288065,1.6094508092358428,19.974074074074075,False
RedNeuronalIntermedia,exp_1,0.001,100,1024,11,20.05648148148148,63,1.6094508009207875,20.021090534979425,1.609455459522751,20.05648148148148,False
RedNeuronalIntermedia,exp_1,0.001,100,1024,11,20.05648148148148,64,1.6094564385163157,19.992592592592594,1.6094523836981576,19.974074074074075,False
RedNeuronalIntermedia,exp_1,0.001,100,1024,11,20.05648148148148,65,1.6094543861088,19.97037037037037,1.6094623241784438,19.932407407407407,False
RedNeuronalIntermedia,exp_1,0.001,100,1024,11,20.05648148148148,66,1.6094585491481581,19.972942386831274,1.6094450140899081,20.026851851851852,False
RedNeuronalIntermedia,exp_1,0.001,100,1024,11,20.05648148148148,67,1.6094553253525181,19.92716049382716,1.6094416289959315,20.010185185185186,False
RedNeuronalIntermedia,exp_1,0.001,100,1024,11,20.05648148148148,68,1.6094561141415646,19.99567901234568,1.6094648826797053,19.974074074074075,False
RedNeuronalIntermedia,exp_1,0.001,100,1024,11,20.05648148148148,69,1.6094562858029415,19.970164609053498,1.609440246842942,20.010185185185186,False
RedNeuronalIntermedia,exp_1,0.001,100,1024,11,20.05648148148148,70,1.609459509724065,19.97088477366255,1.6094576030407313,19.974074074074075,False
RedNeuronalIntermedia,exp_1,0.001,100,1024,11,20.05648148148148,71,1.6094537244345013,20.013374485596707,1.6094852146112695,19.932407407407407,False
RedNeuronalIntermedia,exp_1,0.001,100,1024,11,20.05648148148148,72,1.6094492724067286,20.04320987654321,1.609468474703015,19.974074074074075,False
RedNeuronalIntermedia,exp_1,0.001,100,1024,11,20.05648148148148,73,1.609452215370379,20.020473251028807,1.6094469270616207,19.974074074074075,False
RedNeuronalIntermedia,exp_1,0.001,100,1024,11,20.05648148148148,74,1.6094554233551026,19.970987654320986,1.6094616235427137,20.010185185185186,False
RedNeuronalIntermedia,exp_1,0.001,100,1024,11,20.05648148148148,75,1.609454756034048,20.08240740740741,1.6094513839145876,20.010185185185186,False
RedNeuronalIntermedia,exp_1,0.001,100,1024,11,20.05648148148148,76,1.6094563170483238,20.007716049382715,1.6094709803473275,19.932407407407407,False
RedNeuronalIntermedia,exp_1,0.001,100,1024,11,20.05648148148148,77,1.6094531566218326,19.97232510288066,1.609451805645565,19.974074074074075,False
RedNeuronalIntermedia,exp_1,0.001,100,1024,11,20.05648148148148,78,1.6094586566874856,19.977057613168725,1.6094573320082899,19.974074074074075,False
RedNeuronalIntermedia,exp_1,0.001,100,1024,11,20.05648148148148,79,1.609457785957738,19.950720164609052,1.6094401332567323,20.026851851851852,False
RedNeuronalIntermedia,exp_1,0.001,100,1024,11,20.05648148148148,80,1.6094553253525181,20.003909465020577,1.6094531844247062,20.026851851851852,False
RedNeuronalIntermedia,exp_1,0.001,100,1024,11,20.05648148148148,81,1.6094603948844106,19.95606995884774,1.6094475084880613,20.026851851851852,False
RedNeuronalIntermedia,exp_1,0.001,100,1024,11,20.05648148148148,82,1.6094558207612288,19.996193415637862,1.6094438141247012,20.026851851851852,False
RedNeuronalIntermedia,exp_1,0.001,100,1024,11,20.05648148148148,83,1.6094542738011008,19.983024691358025,1.609461265914845,20.010185185185186,False
RedNeuronalIntermedia,exp_1,0.001,100,1024,11,20.05648148148148,84,1.6094539560769734,19.97088477366255,1.6094618900766913,20.010185185185186,False
RedNeuronalIntermedia,exp_1,0.001,100,1024,11,20.05648148148148,85,1.6094531627705222,20.05154320987654,1.609448275476132,19.932407407407407,False
RedNeuronalIntermedia,exp_1,0.001,100,1024,11,20.05648148148148,86,1.6094545153567665,20.022325102880657,1.6094936481061972,19.932407407407407,False
RedNeuronalIntermedia,exp_1,0.001,100,1024,11,20.05648148148148,87,1.6094539967336152,19.994753086419752,1.6094560510707352,19.932407407407407,False
RedNeuronalIntermedia,exp_1,0.001,100,1024,11,20.05648148148148,88,1.6094588509358858,19.972942386831274,1.6094393179101765,20.05648148148148,False
RedNeuronalIntermedia,exp_1,0.001,100,1024,11,20.05648148148148,89,1.6094536260554666,19.97037037037037,1.6094472970602647,19.974074074074075,False
RedNeuronalIntermedia,exp_1,0.001,100,1024,11,20.05648148148148,90,1.609450924396515,20.052263374485598,1.609457867325477,19.974074074074075,False
RedNeuronalIntermedia,exp_1,0.001,100,1024,11,20.05648148148148,91,1.609456305127395,20.023045267489714,1.6094817676634159,20.010185185185186,False
RedNeuronalIntermedia,exp_1,0.001,100,1024,11,20.05648148148148,92,1.6094594794825503,19.904012345679014,1.6094555596135698,19.932407407407407,False
RedNeuronalIntermedia,exp_1,0.001,100,1024,11,20.05648148148148,93,1.6094562743839465,19.985699588477367,1.60943899289617,20.026851851851852,False
RedNeuronalIntermedia,exp_1,0.001,100,1024,11,20.05648148148148,94,1.6094564766632884,19.950308641975308,1.6094427142503127,20.026851851851852,False
RedNeuronalIntermedia,exp_1,0.001,100,1024,11,20.05648148148148,95,1.609456998674493,20.02037037037037,1.6094432956767533,19.974074074074075,False
RedNeuronalIntermedia,exp_1,0.001,100,1024,11,20.05648148148148,96,1.609459441962995,19.942798353909463,1.6094419371406987,20.05648148148148,False
RedNeuronalIntermedia,exp_1,0.001,100,1024,11,20.05648148148148,97,1.6094550716249567,19.992489711934155,1.6094500040108304,19.932407407407407,False
RedNeuronalIntermedia,exp_1,0.001,100,1024,11,20.05648148148148,98,1.6094532590163382,20.01090534979424,1.6094456933579355,20.026851851851852,False
RedNeuronalIntermedia,exp_1,0.001,100,1024,11,20.05648148148148,99,1.6094586712435672,19.93158436213992,1.6094408912478753,20.010185185185186,False
RedNeuronalIntermedia,exp_1,0.001,100,1024,11,20.05648148148148,100,1.609456992651287,19.94969135802469,1.6094490762026805,20.010185185185186,False
RedNeuronalIntermedia,exp_2,0.0005,500,2048,29,20.05648148148148,1,54.06411650983911,19.990843621399176,1.6094538670665812,20.010185185185186,False
RedNeuronalIntermedia,exp_2,0.0005,500,2048,29,20.05648148148148,2,1.6689268952921816,19.93179012345679,1.6094388399484023,20.010185185185186,False
RedNeuronalIntermedia,exp_2,0.0005,500,2048,29,20.05648148148148,3,1.6359183632700067,19.98909465020576,1.6094379717448972,20.010185185185186,False
RedNeuronalIntermedia,exp_2,0.0005,500,2048,29,20.05648148148148,4,1.6267458366092882,19.92993827160494,1.609445535911704,20.010185185185186,False
RedNeuronalIntermedia,exp_2,0.0005,500,2048,29,20.05648148148148,5,1.6169432321347688,19.947119341563788,1.6094413298480916,20.026851851851852,False
RedNeuronalIntermedia,exp_2,0.0005,500,2048,29,20.05648148148148,6,1.6152079652485094,19.968106995884774,1.6094416222482357,20.026851851851852,False
RedNeuronalIntermedia,exp_2,0.0005,500,2048,29,20.05648148148148,7,1.612568594280042,19.98672839506173,1.609446590801455,19.932407407407407,False
RedNeuronalIntermedia,exp_2,0.0005,500,2048,29,20.05648148148148,8,1.6130551277963738,19.994958847736626,1.6094468899492949,20.010185185185186,False
RedNeuronalIntermedia,exp_2,0.0005,500,2048,29,20.05648148148148,9,1.61161646642183,19.946090534979422,1.6094388871822718,20.026851851851852,False
RedNeuronalIntermedia,exp_2,0.0005,500,2048,29,20.05648148148148,10,1.61074876157861,20.01327160493827,1.6094470181555118,20.026851851851852,False
RedNeuronalIntermedia,exp_2,0.0005,500,2048,29,20.05648148148148,11,1.6102662927226017,20.00267489711934,1.6094431472274493,20.026851851851852,False
RedNeuronalIntermedia,exp_2,0.0005,500,2048,29,20.05648148148148,12,1.609778158790187,19.964197530864197,1.6094462084320356,19.974074074074075,False
RedNeuronalIntermedia,exp_2,0.0005,500,2048,29,20.05648148148148,13,1.6101637709768195,20.01574074074074,1.6094391143546913,20.026851851851852,False
RedNeuronalIntermedia,exp_2,0.0005,500,2048,29,20.05648148148148,14,1.6102635029742591,19.98281893004115,1.6094407630416583,20.026851851851852,False
RedNeuronalIntermedia,exp_2,0.0005,500,2048,29,20.05648148148148,15,1.6100647820924459,20.018930041152263,1.6094408642570928,20.010185185185186,False
RedNeuronalIntermedia,exp_2,0.0005,500,2048,29,20.05648148148148,16,1.6099047620672928,20.01028806584362,1.6094458395580076,19.932407407407407,False
RedNeuronalIntermedia,exp_2,0.0005,500,2048,29,20.05648148148148,17,1.6097603531887656,20.005144032921812,1.6094439592001573,19.974074074074075,False
RedNeuronalIntermedia,exp_2,0.0005,500,2048,29,20.05648148148148,18,1.6099065042796887,19.971399176954733,1.6094410666879617,19.974074074074075,False
RedNeuronalIntermedia,exp_2,0.0005,500,2048,29,20.05648148148148,19,1.6106816618066084,19.95843621399177,1.6094456438748341,20.010185185185186,False
RedNeuronalIntermedia,exp_2,0.0005,500,2048,29,20.05648148148148,20,1.6094464608242638,19.937139917695472,1.6094445440004457,19.974074074074075,False
RedNeuronalIntermedia,exp_2,0.0005,500,2048,29,20.05648148148148,21,1.610016568585446,20.03672839506173,1.609444445034243,20.010185185185186,False
RedNeuronalIntermedia,exp_2,0.0005,500,2048,29,20.05648148148148,22,1.609568237505461,19.992489711934155,1.6094398903396894,19.974074074074075,False
RedNeuronalIntermedia,exp_2,0.0005,500,2048,29,20.05648148148148,23,1.6111745538209614,20.000617283950618,1.6094390896131407,20.010185185185186,False
RedNeuronalIntermedia,exp_2,0.0005,500,2048,29,20.05648148148148,24,1.6118051049583837,19.965534979423868,1.6094420338576694,19.932407407407407,False
RedNeuronalIntermedia,exp_2,0.0005,500,2048,29,20.05648148148148,25,1.6102371971230758,20.002572016460906,1.6094457990718338,19.932407407407407,False
RedNeuronalIntermedia,exp_2,0.0005,500,2048,29,20.05648148148148,26,1.6094832435407136,19.996399176954732,1.6094430797504928,20.026851851851852,False
RedNeuronalIntermedia,exp_2,0.0005,500,2048,29,20.05648148148148,27,1.6095377600820442,19.980864197530863,1.6094418269283366,19.974074074074075,False
RedNeuronalIntermedia,exp_2,0.0005,500,2048,29,20.05648148148148,28,1.610771279335022,19.985699588477367,1.609437218252218,20.010185185185186,False
RedNeuronalIntermedia,exp_2,0.0005,500,2048,29,20.05648148148148,29,1.6105246599097,20.00761316872428,1.6094397081519074,20.05648148148148,True
RedNeuronalIntermedia,exp_2,0.0005,500,2048,29,20.05648148148148,30,1.6094926691055298,19.959670781893003,1.6094417144667428,19.932407407407407,False
RedNeuronalIntermedia,exp_2,0.0005,500,2048,29,20.05648148148148,31,1.6095346247522455,19.96502057613169,1.6094450050929807,19.974074074074075,False
RedNeuronalIntermedia,exp_2,0.0005,500,2048,29,20.05648148148148,32,1.6094395765505338,20.063477366255142,1.6094457495887324,19.932407407407407,False
RedNeuronalIntermedia,exp_2,0.0005,500,2048,29,20.05648148148148,33,1.609444162971095,19.96224279835391,1.6094384350866642,20.026851851851852,False
RedNeuronalIntermedia,exp_2,0.0005,500,2048,29,20.05648148148148,34,1.609443393004568,20.012037037037036,1.6094416942236558,19.974074074074075,False
RedNeuronalIntermedia,exp_2,0.0005,500,2048,29,20.05648148148148,35,1.6101159780903866,20.03395061728395,1.6094375061538984,20.05648148148148,False
RedNeuronalIntermedia,exp_2,0.0005,500,2048,29,20.05648148148148,36,1.609443393004568,19.963991769547324,1.6094484351715952,20.026851851851852,False
RedNeuronalIntermedia,exp_2,0.0005,500,2048,29,20.05648148148148,37,1.6095704683504606,19.962860082304527,1.609437935757187,20.026851851851852,False
RedNeuronalIntermedia,exp_2,0.0005,500,2048,29,20.05648148148148,38,1.6112765876870407,19.994855967078188,1.6094407967801363,19.974074074074075,False
RedNeuronalIntermedia,exp_2,0.0005,500,2048,29,20.05648148148148,39,1.609444788882607,20.04320987654321,1.6094480213129296,20.026851851851852,False
RedNeuronalIntermedia,exp_2,0.0005,500,2048,29,20.05648148148148,40,1.609444542433086,19.946296296296296,1.6094397283949942,19.974074074074075,False
RedNeuronalIntermedia,exp_2,0.0005,500,2048,29,20.05648148148148,41,1.6094681674555729,19.979423868312757,1.6094417774452354,20.010185185185186,False
RedNeuronalIntermedia,exp_2,0.0005,500,2048,29,20.05648148148148,42,1.6103963096518266,19.9630658436214,1.6094469731708743,19.932407407407407,False
RedNeuronalIntermedia,exp_2,0.0005,500,2048,29,20.05648148148148,43,1.6094441938400268,19.921399176954733,1.6094455291640084,19.974074074074075,False
RedNeuronalIntermedia,exp_2,0.0005,500,2048,29,20.05648148148148,44,1.609731253071835,19.97366255144033,1.6094369978274938,20.010185185185186,False
RedNeuronalIntermedia,exp_2,0.0005,500,2048,29,20.05648148148148,45,1.609526609370583,19.909362139917697,1.6094443618126635,19.932407407407407,False
RedNeuronalIntermedia,exp_2,0.0005,500,2048,29,20.05648148148148,46,1.6094455352582429,19.952057613168723,1.609445110806879,19.974074074074075,False
RedNeuronalIntermedia,exp_2,0.0005,500,2048,29,20.05648148148148,47,1.6094439468885724,19.979320987654322,1.609444669957431,20.026851851851852,False
RedNeuronalIntermedia,exp_2,0.0005,500,2048,29,20.05648148148148,48,1.6094449048293265,20.000720164609053,1.6094463051490064,19.932407407407407,False
RedNeuronalIntermedia,exp_2,0.0005,500,2048,29,20.05648148148148,49,1.6094471836090087,19.935288065843622,1.6094378727786947,20.05648148148148,False
RedNeuronalIntermedia,exp_2,0.0005,500,2048,29,20.05648148148148,50,1.6094442618520637,19.94804526748971,1.609444188621809,19.932407407407407,False
RedNeuronalIntermedia,exp_2,0.0005,500,2048,29,20.05648148148148,51,1.6094456752977873,19.9358024691358,1.6094368808674362,20.026851851851852,False
RedNeuronalIntermedia,exp_2,0.0005,500,2048,29,20.05648148148148,52,1.60944150648619,20.022942386831275,1.609450585437271,19.932407407407407,False
RedNeuronalIntermedia,exp_2,0.0005,500,2048,29,20.05648148148148,53,1.6094459917670803,19.979423868312757,1.609440340186065,19.932407407407407,False
RedNeuronalIntermedia,exp_2,0.0005,500,2048,29,20.05648148148148,54,1.6094456750468205,19.942901234567902,1.6094414468081493,19.974074074074075,False
RedNeuronalIntermedia,exp_2,0.0005,500,2048,29,20.05648148148148,55,1.6106356738743028,20.05761316872428,1.6094450478283864,19.974074074074075,False
RedNeuronalIntermedia,exp_2,0.0005,500,2048,29,20.05648148148148,56,1.6094566636336478,20.008539094650207,1.609440193985993,20.026851851851852,False
RedNeuronalIntermedia,exp_2,0.0005,500,2048,29,20.05648148148148,57,1.6148498276660317,19.962551440329218,1.6094376298616517,19.974074074074075,False
RedNeuronalIntermedia,exp_2,0.0005,500,2048,29,20.05648148148148,58,1.6094453520523875,19.949074074074073,1.6094405561123255,20.010185185185186,False
RedNeuronalIntermedia,exp_2,0.0005,500,2048,29,20.05648148148148,59,1.6094431819413837,19.945987654320987,1.609440783284745,20.026851851851852,False
RedNeuronalIntermedia,exp_2,0.0005,500,2048,29,20.05648148148148,60,1.6127120602758307,20.03796296296296,1.6094396294287916,19.974074074074075,False
RedNeuronalIntermedia,exp_2,0.0005,500,2048,29,20.05648148148148,61,1.6094452584417243,19.965946502057612,1.6094360036670037,20.05648148148148,False
RedNeuronalIntermedia,exp_2,0.0005,500,2048,29,20.05648148148148,62,1.6094873624098929,19.97283950617284,1.6094394584871687,19.974074074074075,False
RedNeuronalIntermedia,exp_2,0.0005,500,2048,29,20.05648148148148,63,1.6094615702880057,20.015843621399178,1.6094474657526556,20.026851851851852,False
RedNeuronalIntermedia,exp_2,0.0005,500,2048,29,20.05648148148148,64,1.6094460908990158,19.985699588477367,1.6094453424777624,20.026851851851852,False
RedNeuronalIntermedia,exp_2,0.0005,500,2048,29,20.05648148148148,65,1.6094461513820448,19.917181069958847,1.6094393707671255,19.974074074074075,False
RedNeuronalIntermedia,exp_2,0.0005,500,2048,29,20.05648148148148,66,1.6094428029813264,20.011316872427983,1.6094443303234172,19.932407407407407,False
RedNeuronalIntermedia,exp_2,0.0005,500,2048,29,20.05648148148148,67,1.6094441250750893,20.028086419753087,1.6094454864286027,19.974074074074075,False
RedNeuronalIntermedia,exp_2,0.0005,500,2048,29,20.05648148148148,68,1.6094455154318559,19.929012345679013,1.609443705036955,19.974074074074075,False
RedNeuronalIntermedia,exp_2,0.0005,500,2048,29,20.05648148148148,69,1.6094466104005511,19.96203703703704,1.609440045536689,20.010185185185186,False
RedNeuronalIntermedia,exp_2,0.0005,500,2048,29,20.05648148148148,70,1.609442972133034,19.96388888888889,1.6094423262578137,20.026851851851852,False
RedNeuronalIntermedia,exp_2,0.0005,500,2048,29,20.05648148148148,71,1.609443578469126,20.005041152263374,1.6094438219970126,20.010185185185186,False
RedNeuronalIntermedia,exp_2,0.0005,500,2048,29,20.05648148148148,72,1.6094455902199996,19.99074074074074,1.6094512579576024,19.932407407407407,False
RedNeuronalIntermedia,exp_2,0.0005,500,2048,29,20.05648148148148,73,1.6094444545946622,19.939814814814813,1.6094446789543584,20.026851851851852,False
RedNeuronalIntermedia,exp_2,0.0005,500,2048,29,20.05648148148148,74,1.6094452230553877,19.962860082304527,1.6094409294848173,20.026851851851852,False
RedNeuronalIntermedia,exp_2,0.0005,500,2048,29,20.05648148148148,75,1.609446839533354,19.95102880658436,1.6094433991414197,19.932407407407407,False
RedNeuronalIntermedia,exp_2,0.0005,500,2048,29,20.05648148148148,76,1.609443638450221,19.964094650205762,1.6094480280606251,20.026851851851852,False
RedNeuronalIntermedia,exp_2,0.0005,500,2048,29,20.05648148148148,77,1.6094443830690885,20.03641975308642,1.609446329890557,19.974074074074075,False
RedNeuronalIntermedia,exp_2,0.0005,500,2048,29,20.05648148148148,78,1.6094470330288535,19.977057613168725,1.6094401040167179,20.010185185185186,False
RedNeuronalIntermedia,exp_2,0.0005,500,2048,29,20.05648148148148,79,1.6094442784158807,19.99135802469136,1.6094381381880563,20.026851851851852,False
RedNeuronalIntermedia,exp_2,0.0005,500,2048,29,20.05648148148148,80,1.6094449831310071,19.951234567901235,1.6094402974506594,19.974074074074075,False
RedNeuronalIntermedia,exp_2,0.0005,500,2048,29,20.05648148148148,81,1.6094431079061409,20.03775720164609,1.6094480640483353,19.932407407407407,False
RedNeuronalIntermedia,exp_2,0.0005,500,2048,29,20.05648148148148,82,1.6094461697026303,19.982921810699587,1.6094414805466275,20.026851851851852,False
RedNeuronalIntermedia,exp_2,0.0005,500,2048,29,20.05648148148148,83,1.6094426150070993,19.985802469135802,1.6094489727380141,20.026851851851852,False
RedNeuronalIntermedia,exp_2,0.0005,500,2048,29,20.05648148148148,84,1.609447007932161,19.964506172839506,1.609439789124255,19.974074074074075,False
RedNeuronalIntermedia,exp_2,0.0005,500,2048,29,20.05648148148148,85,1.6094446769513582,19.967798353909465,1.6094393910102125,19.974074074074075,False
RedNeuronalIntermedia,exp_2,0.0005,500,2048,29,20.05648148148148,86,1.6094452566849557,20.005041152263374,1.6094438264954765,19.974074074074075,False
RedNeuronalIntermedia,exp_2,0.0005,500,2048,29,20.05648148148148,87,1.6094447961606477,19.965534979423868,1.609442778353421,20.010185185185186,False
RedNeuronalIntermedia,exp_2,0.0005,500,2048,29,20.05648148148148,88,1.6094432742972122,20.02037037037037,1.6094429357996527,20.026851851851852,False
RedNeuronalIntermedia,exp_2,0.0005,500,2048,29,20.05648148148148,89,1.6094458138315302,19.995473251028805,1.6094433024244488,20.026851851851852,False
RedNeuronalIntermedia,exp_2,0.0005,500,2048,29,20.05648148148148,90,1.6094440706152664,19.988477366255143,1.6094454009577912,19.932407407407407,False
RedNeuronalIntermedia,exp_2,0.0005,500,2048,29,20.05648148148148,91,1.6094445843445628,19.968827160493827,1.6094375601354636,20.010185185185186,False
RedNeuronalIntermedia,exp_2,0.0005,500,2048,29,20.05648148148148,92,1.6094449326866551,19.96327160493827,1.6094418899068292,19.932407407407407,False
RedNeuronalIntermedia,exp_2,0.0005,500,2048,29,20.05648148148148,93,1.6094423570131,20.021810699588478,1.6094489052610577,19.974074074074075,False
RedNeuronalIntermedia,exp_2,0.0005,500,2048,29,20.05648148148148,94,1.6094455207021612,20.057098765432098,1.6094378255448252,20.026851851851852,False
RedNeuronalIntermedia,exp_2,0.0005,500,2048,29,20.05648148148148,95,1.6094448315469843,19.994753086419752,1.6094439771940123,20.010185185185186,False
RedNeuronalIntermedia,exp_2,0.0005,500,2048,29,20.05648148148148,96,1.6094468530855681,19.888168724279836,1.6094359879223805,20.05648148148148,False
RedNeuronalIntermedia,exp_2,0.0005,500,2048,29,20.05648148148148,97,1.6094438020806563,20.013168724279836,1.6094449173729375,19.932407407407407,False
RedNeuronalIntermedia,exp_2,0.0005,500,2048,29,20.05648148148148,98,1.6094442759062115,20.015329218106995,1.609444575489692,20.026851851851852,False
RedNeuronalIntermedia,exp_2,0.0005,500,2048,29,20.05648148148148,99,1.609446923858241,19.930761316872427,1.609444240354142,20.026851851851852,False
RedNeuronalIntermedia,exp_2,0.0005,500,2048,29,20.05648148148148,100,1.609441207835549,20.03240740740741,1.6094407967801363,19.974074074074075,False
RedNeuronalIntermedia,exp_2,0.0005,500,2048,29,20.05648148148148,101,1.609443301652607,20.00956790123457,1.6094419168976117,20.026851851851852,False
RedNeuronalIntermedia,exp_2,0.0005,500,2048,29,20.05648148148148,102,1.60944485965528,19.974074074074075,1.6094407787862814,19.974074074074075,False
RedNeuronalIntermedia,exp_2,0.0005,500,2048,29,20.05648148148148,103,1.609445847712065,19.969650205761315,1.6094372317476093,20.010185185185186,False
RedNeuronalIntermedia,exp_2,0.0005,500,2048,29,20.05648148148148,104,1.6094431302421972,19.990123456790123,1.6094513659207326,19.974074074074075,False
RedNeuronalIntermedia,exp_2,0.0005,500,2048,29,20.05648148148148,105,1.6094464741255108,19.962448559670783,1.6094425016979002,19.974074074074075,False
RedNeuronalIntermedia,exp_2,0.0005,500,2048,29,20.05648148148148,106,1.6094454775358502,20.017798353909466,1.6094379604987379,19.974074074074075,False
RedNeuronalIntermedia,exp_2,0.0005,500,2048,29,20.05648148148148,107,1.6094451492711117,19.96460905349794,1.6094439232124473,19.974074074074075,False
RedNeuronalIntermedia,exp_2,0.0005,500,2048,29,20.05648148148148,108,1.6094455789264879,19.97067901234568,1.6094402457183261,19.932407407407407,False
RedNeuronalIntermedia,exp_2,0.0005,500,2048,29,20.05648148148148,109,1.6094447025499845,19.94382716049383,1.609442778353421,19.932407407407407,False
RedNeuronalIntermedia,exp_2,0.0005,500,2048,29,20.05648148148148,110,1.6094452837893838,19.92067901234568,1.6094457270964138,19.974074074074075,False
RedNeuronalIntermedia,exp_2,0.0005,500,2048,29,20.05648148148148,111,1.6094450724752325,19.99866255144033,1.6094423779901468,19.932407407407407,False
RedNeuronalIntermedia,exp_2,0.0005,500,2048,29,20.05648148148148,112,1.6094436371953864,20.012448559670784,1.6094381336895924,20.05648148148148,False
RedNeuronalIntermedia,exp_2,0.0005,500,2048,29,20.05648148148148,113,1.609444630522477,19.941358024691358,1.609438255148114,20.026851851851852,False
RedNeuronalIntermedia,exp_2,0.0005,500,2048,29,20.05648148148148,114,1.6094448704468576,19.9679012345679,1.6094444180434604,20.010185185185186,False
RedNeuronalIntermedia,exp_2,0.0005,500,2048,29,20.05648148148148,115,1.6094445961400081,19.983950617283952,1.6094532575247422,19.932407407407407,False
RedNeuronalIntermedia,exp_2,0.0005,500,2048,29,20.05648148148148,116,1.6094441622181943,20.036008230452676,1.6094506326711402,19.932407407407407,False
RedNeuronalIntermedia,exp_2,0.0005,500,2048,29,20.05648148148148,117,1.609446002809625,19.95133744855967,1.6094447509297785,20.026851851851852,False
RedNeuronalIntermedia,exp_2,0.0005,500,2048,29,20.05648148148148,118,1.6094446586307727,19.98045267489712,1.609447812134365,20.026851851851852,False
RedNeuronalIntermedia,exp_2,0.0005,500,2048,29,20.05648148148148,119,1.6094420169529162,20.02037037037037,1.6094538850604363,19.974074074074075,False
RedNeuronalIntermedia,exp_2,0.0005,500,2048,29,20.05648148148148,120,1.609444583591662,20.013786008230454,1.609441874162206,19.932407407407407,False
RedNeuronalIntermedia,exp_2,0.0005,500,2048,29,20.05648148148148,121,1.60944367935783,19.990843621399176,1.609449933160026,20.026851851851852,False
RedNeuronalIntermedia,exp_2,0.0005,500,2048,29,20.05648148148148,122,1.6094457666497481,19.932407407407407,1.6094458440564714,19.932407407407407,False
RedNeuronalIntermedia,exp_2,0.0005,500,2048,29,20.05648148148148,123,1.609445589216132,20.000617283950618,1.6094419866238001,19.974074074074075,False
RedNeuronalIntermedia,exp_2,0.0005,500,2048,29,20.05648148148148,124,1.6103295559632151,19.909670781893006,1.6094379335079554,20.026851851851852,False
RedNeuronalIntermedia,exp_2,0.0005,500,2048,29,20.05648148148148,125,1.6094454614739668,19.93158436213992,1.609442803094972,20.010185185185186,False
RedNeuronalIntermedia,exp_2,0.0005,500,2048,29,20.05648148148148,126,1.6094463072325054,19.975720164609054,1.6094386105267506,20.026851851851852,False
RedNeuronalIntermedia,exp_2,0.0005,500,2048,29,20.05648148148148,127,1.6094457046609176,19.952057613168723,1.6094402434690944,20.026851851851852,False
RedNeuronalIntermedia,exp_2,0.0005,500,2048,29,20.05648148148148,128,1.60946230210756,19.971707818930042,1.6094427693564937,20.026851851851852,False
RedNeuronalIntermedia,exp_2,0.0005,500,2048,29,20.05648148148148,129,1.6094455199492606,20.03672839506173,1.6094408867494114,19.974074074074075,False
RedNeuronalIntermedia,exp_2,0.0005,500,2048,29,20.05648148148148,130,1.6094443795555515,19.959567901234568,1.6094451018099516,20.026851851851852,False
RedNeuronalIntermedia,exp_2,0.0005,500,2048,29,20.05648148148148,131,1.6094436808636314,20.023971193415637,1.6094453829639364,20.026851851851852,False
RedNeuronalIntermedia,exp_2,0.0005,500,2048,29,20.05648148148148,132,1.6094466826790257,20.003703703703703,1.6094401669952105,20.026851851851852,False
RedNeuronalIntermedia,exp_2,0.0005,500,2048,29,20.05648148148148,133,1.6094506226087872,19.953909465020576,1.6094450635730095,19.974074074074075,False
RedNeuronalIntermedia,exp_2,0.0005,500,2048,29,20.05648148148148,134,1.6098846699062146,19.96162551440329,1.6094394247486907,19.974074074074075,False
RedNeuronalIntermedia,exp_2,0.0005,500,2048,29,20.05648148148148,135,1.6094438698417262,19.979732510288066,1.609441046444875,20.026851851851852,False
RedNeuronalIntermedia,exp_2,0.0005,500,2048,29,20.05648148148148,136,1.6094447090751247,19.965740740740742,1.6094434486245208,19.974074074074075,False
RedNeuronalIntermedia,exp_2,0.0005,500,2048,29,20.05648148148148,137,1.6094442518133867,20.000823045267488,1.6094369708367113,20.026851851851852,False
RedNeuronalIntermedia,exp_2,0.0005,500,2048,29,20.05648148148148,138,1.6094439488963077,19.980349794238684,1.6094406033461948,20.05648148148148,False
RedNeuronalIntermedia,exp_2,0.0005,500,2048,29,20.05648148148148,139,1.6094447406969572,19.96738683127572,1.6094385992805913,20.026851851851852,False
RedNeuronalIntermedia,exp_2,0.0005,500,2048,29,20.05648148148148,140,1.6094439837807104,20.001851851851853,1.6094401534998193,20.026851851851852,False
RedNeuronalIntermedia,exp_2,0.0005,500,2048,29,20.05648148148148,141,1.609445185410349,19.96090534979424,1.6094468314692658,19.932407407407407,False
RedNeuronalIntermedia,exp_2,0.0005,500,2048,29,20.05648148148148,142,1.6094419700221012,19.98446502057613,1.6094436105692163,20.026851851851852,False
RedNeuronalIntermedia,exp_2,0.0005,500,2048,29,20.05648148148148,143,1.609444993671618,19.99506172839506,1.6094374881600433,20.010185185185186,False
RedNeuronalIntermedia,exp_2,0.0005,500,2048,29,20.05648148148148,144,1.6094453819174515,19.920473251028806,1.6094394517394732,19.974074074074075,False
RedNeuronalIntermedia,exp_2,0.0005,500,2048,29,20.05648148148148,145,1.6094421956413671,20.045781893004115,1.6094376748462893,20.05648148148148,False
RedNeuronalIntermedia,exp_2,0.0005,500,2048,29,20.05648148148148,146,1.6094454235779612,19.980761316872428,1.6094381089480418,20.026851851851852,False
RedNeuronalIntermedia,exp_2,0.0005,500,2048,29,20.05648148148148,147,1.6094814170034308,19.918106995884774,1.6094435813292018,19.974074074074075,False
RedNeuronalIntermedia,exp_2,0.0005,500,2048,29,20.05648148148148,148,1.6094407289906552,20.062962962962963,1.6094452862469655,20.026851851851852,False
RedNeuronalIntermedia,exp_2,0.0005,500,2048,29,20.05648148148148,149,1.6094417055029617,20.040843621399176,1.6094398453550518,19.974074074074075,False
RedNeuronalIntermedia,exp_2,0.0005,500,2048,29,20.05648148148148,150,1.6094423898897674,20.02037037037037,1.6094441233940844,19.932407407407407,False
RedNeuronalIntermedia,exp_2,0.0005,500,2048,29,20.05648148148148,151,1.6104777848093133,20.007818930041154,1.609446624539933,19.974074074074075,False
RedNeuronalIntermedia,exp_2,0.0005,500,2048,29,20.05648148148148,152,1.609964884958769,19.992283950617285,1.6094372137537543,20.05648148148148,False
RedNeuronalIntermedia,exp_2,0.0005,500,2048,29,20.05648148148148,153,1.609446416654085,19.929115226337448,1.6094420361069013,19.974074074074075,False
RedNeuronalIntermedia,exp_2,0.0005,500,2048,29,20.05648148148148,154,1.6096645711597644,20.016975308641975,1.6094452255177047,19.932407407407407,False
RedNeuronalIntermedia,exp_2,0.0005,500,2048,29,20.05648148148148,155,1.609443951907911,20.003086419753085,1.6094385632928812,20.026851851851852,False
RedNeuronalIntermedia,exp_2,0.0005,500,2048,29,20.05648148148148,156,1.6094447585156089,19.976440329218107,1.6094480910391178,19.974074074074075,False
RedNeuronalIntermedia,exp_2,0.0005,500,2048,29,20.05648148148148,157,1.6094467491852609,19.939300411522634,1.6094420765930753,19.974074074074075,False
RedNeuronalIntermedia,exp_2,0.0005,500,2048,29,20.05648148148148,158,1.6094432105516132,19.976748971193416,1.609444744182083,19.974074074074075,False
RedNeuronalIntermedia,exp_2,0.0005,500,2048,29,20.05648148148148,159,1.6094416613327829,20.04002057613169,1.6094482619807404,20.05648148148148,False
RedNeuronalIntermedia,exp_2,0.0005,500,2048,29,20.05648148148148,160,1.6094475061015079,19.975411522633745,1.6094499646492724,19.974074074074075,False
RedNeuronalIntermedia,exp_2,0.0005,500,2048,29,20.05648148148148,161,1.609444852377239,20.04104938271605,1.609443464369144,20.026851851851852,False
RedNeuronalIntermedia,exp_2,0.0005,500,2048,29,20.05648148148148,162,1.609443339548613,20.028189300411523,1.6094422137962197,19.974074074074075,False
RedNeuronalIntermedia,exp_2,0.0005,500,2048,29,20.05648148148148,163,1.609444553475631,19.930864197530862,1.6094439861909398,19.974074074074075,False
RedNeuronalIntermedia,exp_2,0.0005,500,2048,29,20.05648148148148,164,1.6094436492417987,20.01820987654321,1.6094374544215653,20.026851851851852,False
RedNeuronalIntermedia,exp_2,0.0005,500,2048,29,20.05648148148148,165,1.6094439345911928,19.997222222222224,1.609448565627044,19.932407407407407,False
RedNeuronalIntermedia,exp_2,0.0005,500,2048,29,20.05648148148148,166,1.6094470741874294,19.88991769547325,1.609438399098954,20.026851851851852,False
RedNeuronalIntermedia,exp_2,0.0005,500,2048,29,20.05648148148148,167,1.6094440811558774,20.011111111111113,1.609437625363188,20.05648148148148,False
RedNeuronalIntermedia,exp_2,0.0005,500,2048,29,20.05648148148148,168,1.6094452009702984,19.948765432098764,1.60944409415407,20.05648148148148,False
RedNeuronalIntermedia,exp_2,0.0005,500,2048,29,20.05648148148148,169,1.6094460203773098,19.969135802469136,1.6094391615885608,19.974074074074075,False
RedNeuronalIntermedia,exp_2,0.0005,500,2048,29,20.05648148148148,170,1.609445252920452,19.97201646090535,1.6094377693140283,20.026851851851852,False
RedNeuronalIntermedia,exp_2,0.0005,500,2048,29,20.05648148148148,171,1.6094450267992522,19.974588477366254,1.6094427176241606,19.974074074074075,False
RedNeuronalIntermedia,exp_2,0.0005,500,2048,29,20.05648148148148,172,1.6094455407795154,19.974794238683128,1.6094417212144383,19.932407407407407,False
RedNeuronalIntermedia,exp_2,0.0005,500,2048,29,20.05648148148148,173,1.6094426907991108,19.95905349794239,1.6094500771108664,19.974074074074075,False
RedNeuronalIntermedia,exp_2,0.0005,500,2048,29,20.05648148148148,174,1.6094438347063567,20.000205761316874,1.6094448611421406,19.974074074074075,False
RedNeuronalIntermedia,exp_2,0.0005,500,2048,29,20.05648148148148,175,1.6094443035125732,19.98148148148148,1.6094382798896645,20.05648148148148,False
RedNeuronalIntermedia,exp_2,0.0005,500,2048,29,20.05648148148148,176,1.6094436700720536,19.996399176954732,1.6094480010698426,19.932407407407407,False
RedNeuronalIntermedia,exp_2,0.0005,500,2048,29,20.05648148148148,177,1.6094430808017128,19.941666666666666,1.6094402322229349,19.932407407407407,False
RedNeuronalIntermedia,exp_2,0.0005,500,2048,29,20.05648148148148,178,1.6094447156002647,20.027263374485596,1.6094449668560389,19.974074074074075,False
RedNeuronalIntermedia,exp_2,0.0005,500,2048,29,20.05648148148148,179,1.6094449966832212,19.98179012345679,1.6094448408990536,19.932407407407407,False
RedNeuronalIntermedia,exp_2,0.0005,500,2048,29,20.05648148148148,180,1.6094449673200908,19.989609053497944,1.6094407540447306,20.026851851851852,False
RedNeuronalIntermedia,exp_2,0.0005,500,2048,29,20.05648148148148,181,1.6094435704381842,19.977572016460904,1.6094451805330672,19.974074074074075,False
RedNeuronalIntermedia,exp_2,0.0005,500,2048,29,20.05648148148148,182,1.6094461561504163,19.988168724279834,1.6094425714240883,19.932407407407407,False
RedNeuronalIntermedia,exp_2,0.0005,500,2048,29,20.05648148148148,183,1.609445114386709,19.95977366255144,1.6094454189516463,19.974074074074075,False
RedNeuronalIntermedia,exp_2,0.0005,500,2048,29,20.05648148148148,184,1.6094456313785754,19.93775720164609,1.6094424184763207,19.974074074074075,False
RedNeuronalIntermedia,exp_2,0.0005,500,2048,29,20.05648148148148,185,1.6094446789590935,19.9690329218107,1.609440229973703,19.974074074074075,False
RedNeuronalIntermedia,exp_2,0.0005,500,2048,29,20.05648148148148,186,1.6094440949590583,20.03497942386831,1.6094521756442088,19.974074074074075,False
RedNeuronalIntermedia,exp_2,0.0005,500,2048,29,20.05648148148148,187,1.6094457310124448,19.956687242798353,1.6094384485820554,20.026851851851852,False
RedNeuronalIntermedia,exp_2,0.0005,500,2048,29,20.05648148148148,188,1.6094437523892051,20.018004115226336,1.60943732846458,20.05648148148148,False
RedNeuronalIntermedia,exp_2,0.0005,500,2048,29,20.05648148148148,189,1.6094429583298533,20.002263374485597,1.609444427040388,19.974074074074075,False
RedNeuronalIntermedia,exp_2,0.0005,500,2048,29,20.05648148148148,190,1.6094443700188084,19.991666666666667,1.6094378412894483,20.026851851851852,False
RedNeuronalIntermedia,exp_2,0.0005,500,2048,29,20.05648148148148,191,1.6094433909968326,19.985905349794237,1.609447845872843,19.932407407407407,False
RedNeuronalIntermedia,exp_2,0.0005,500,2048,29,20.05648148148148,192,1.6094473279149908,19.904012345679014,1.6094396451734148,20.026851851851852,False
RedNeuronalIntermedia,exp_2,0.0005,500,2048,29,20.05648148148148,193,1.6094441479130794,20.01028806584362,1.6094383856035628,20.010185185185186,False
RedNeuronalIntermedia,exp_2,0.0005,500,2048,29,20.05648148148148,194,1.6094442731455754,20.004423868312756,1.6094402164783117,19.932407407407407,False
RedNeuronalIntermedia,exp_2,0.0005,500,2048,29,20.05648148148148,195,1.6094446357927825,19.986831275720164,1.6094383316219978,20.026851851851852,False
RedNeuronalIntermedia,exp_2,0.0005,500,2048,29,20.05648148148148,196,1.6094450252934507,19.96769547325103,1.6094451805330672,19.932407407407407,False
RedNeuronalIntermedia,exp_2,0.0005,500,2048,29,20.05648148148148,197,1.6094449100996318,19.965534979423868,1.609441248875744,20.026851851851852,False
RedNeuronalIntermedia,exp_2,0.0005,500,2048,29,20.05648148148148,198,1.6094457877309698,19.999176954732512,1.6094408845001797,19.932407407407407,False
RedNeuronalIntermedia,exp_2,0.0005,500,2048,29,20.05648148148148,199,1.609442532188014,20.05617283950617,1.609440288453732,19.974074074074075,False
RedNeuronalIntermedia,exp_2,0.0005,500,2048,29,20.05648148148148,200,1.6094450187683105,19.973251028806583,1.609443093245884,19.932407407407407,False
RedNeuronalIntermedia,exp_2,0.0005,500,2048,29,20.05648148148148,201,1.6094433666530408,20.045473251028806,1.6094426861349143,20.026851851851852,False
RedNeuronalIntermedia,exp_2,0.0005,500,2048,29,20.05648148148148,202,1.6094460294121191,19.935288065843622,1.6094406325862092,20.010185185185186,False
RedNeuronalIntermedia,exp_2,0.0005,500,2048,29,20.05648148148148,203,1.609442276452717,20.000205761316874,1.6094513051914718,19.974074074074075,False
RedNeuronalIntermedia,exp_2,0.0005,500,2048,29,20.05648148148148,204,1.609445484562924,19.944238683127573,1.6094444720250256,20.026851851851852,False
RedNeuronalIntermedia,exp_2,0.0005,500,2048,29,20.05648148148148,205,1.6094445351550453,20.001131687242797,1.6094423487501324,19.974074074074075,False
RedNeuronalIntermedia,exp_2,0.0005,500,2048,29,20.05648148148148,206,1.6094436143573962,20.042283950617286,1.6094456168840516,19.932407407407407,False
RedNeuronalIntermedia,exp_2,0.0005,500,2048,29,20.05648148148148,207,1.6094438123703003,19.994753086419752,1.6094421283254083,20.026851851851852,False
RedNeuronalIntermedia,exp_2,0.0005,500,2048,29,20.05648148148148,208,1.6094456783093904,19.999794238683126,1.6094418831591337,19.932407407407407,False
RedNeuronalIntermedia,exp_2,0.0005,500,2048,29,20.05648148148148,209,1.6094422071858456,20.015432098765434,1.6094456213825155,19.932407407407407,False
RedNeuronalIntermedia,exp_2,0.0005,500,2048,29,20.05648148148148,210,1.6094458035418862,19.964506172839506,1.6094425286886826,20.026851851851852,False
RedNeuronalIntermedia,exp_2,0.0005,500,2048,29,20.05648148148148,211,1.6094418984965275,20.05493827160494,1.6094490019780285,19.932407407407407,False
RedNeuronalIntermedia,exp_2,0.0005,500,2048,29,20.05648148148148,212,1.6094471675471256,19.970576131687242,1.6094447531790104,19.932407407407407,False
RedNeuronalIntermedia,exp_2,0.0005,500,2048,29,20.05648148148148,213,1.6094432524630897,19.979526748971193,1.6094377805601876,20.026851851851852,False
RedNeuronalIntermedia,exp_2,0.0005,500,2048,29,20.05648148148148,214,1.6094463802638808,19.987860082304525,1.6094395079702701,20.026851851851852,False
RedNeuronalIntermedia,exp_2,0.0005,500,2048,29,20.05648148148148,215,1.609441994114926,20.025617283950616,1.6094457180994861,20.010185185185186,False
RedNeuronalIntermedia,exp_2,0.0005,500,2048,29,20.05648148148148,216,1.6094453011061016,19.999382716049382,1.6094437837600708,19.932407407407407,False
RedNeuronalIntermedia,exp_2,0.0005,500,2048,29,20.05648148148148,217,1.6094443100377134,20.01028806584362,1.6094411161710631,20.026851851851852,False
RedNeuronalIntermedia,exp_2,0.0005,500,2048,29,20.05648148148148,218,1.6094440939551906,20.045267489711936,1.6094440649140556,20.026851851851852,False
RedNeuronalIntermedia,exp_2,0.0005,500,2048,29,20.05648148148148,219,1.6094383766776637,20.07880658436214,1.6094496272644907,19.974074074074075,False
RedNeuronalIntermedia,exp_2,0.0005,500,2048,29,20.05648148148148,220,1.6094453555659245,19.99269547325103,1.6094455853948053,19.932407407407407,False
RedNeuronalIntermedia,exp_2,0.0005,500,2048,29,20.05648148148148,221,1.6094453103918778,19.921810699588477,1.609445407705487,19.974074074074075,False
RedNeuronalIntermedia,exp_2,0.0005,500,2048,29,20.05648148148148,222,1.6094453849290546,19.88940329218107,1.6094419843745682,20.010185185185186,False
RedNeuronalIntermedia,exp_2,0.0005,500,2048,29,20.05648148148148,223,1.609443003252933,19.94382716049383,1.609449436079781,20.026851851851852,False
RedNeuronalIntermedia,exp_2,0.0005,500,2048,29,20.05648148148148,224,1.615996668715226,19.98261316872428,1.609441248875744,19.974074074074075,False
RedNeuronalIntermedia,exp_2,0.0005,500,2048,29,20.05648148148148,225,1.609443658527575,19.99969135802469,1.609435978925453,20.05648148148148,False
RedNeuronalIntermedia,exp_2,0.0005,500,2048,29,20.05648148148148,226,1.6094452476501464,19.9417695473251,1.609444818406735,19.932407407407407,False
RedNeuronalIntermedia,exp_2,0.0005,500,2048,29,20.05648148148148,227,1.609446019122475,19.985802469135802,1.609439784625791,19.974074074074075,False
RedNeuronalIntermedia,exp_2,0.0005,500,2048,29,20.05648148148148,228,1.6094425778639945,19.999074074074073,1.6094499151661712,19.932407407407407,False
RedNeuronalIntermedia,exp_2,0.0005,500,2048,29,20.05648148148148,229,1.6094456175753944,19.943621399176955,1.6094405786046442,19.974074074074075,False
RedNeuronalIntermedia,exp_2,0.0005,500,2048,29,20.05648148148148,230,1.6094452366076017,19.95679012345679,1.609442704128769,19.932407407407407,False
RedNeuronalIntermedia,exp_2,0.0005,500,2048,29,20.05648148148148,231,1.6094473984366968,19.95,1.609445812567225,20.026851851851852,False
RedNeuronalIntermedia,exp_2,0.0005,500,2048,29,20.05648148148148,232,1.6094437860187731,19.984670781893005,1.6094357000207,20.026851851851852,False
RedNeuronalIntermedia,exp_2,0.0005,500,2048,29,20.05648148148148,233,1.6094428333483244,20.006481481481483,1.609439067120822,20.05648148148148,False
RedNeuronalIntermedia,exp_2,0.0005,500,2048,29,20.05648148148148,234,1.6094445349040785,20.0261316872428,1.609442949295044,19.932407407407407,False
RedNeuronalIntermedia,exp_2,0.0005,500,2048,29,20.05648148148148,235,1.6094451568001196,19.995473251028805,1.609436422024133,20.026851851851852,False
RedNeuronalIntermedia,exp_2,0.0005,500,2048,29,20.05648148148148,236,1.6094448134773656,19.967798353909465,1.6094501693293732,19.974074074074075,False
RedNeuronalIntermedia,exp_2,0.0005,500,2048,29,20.05648148148148,237,1.6094455495633577,19.93775720164609,1.6094421373223358,19.974074074074075,False
RedNeuronalIntermedia,exp_2,0.0005,500,2048,29,20.05648148148148,238,1.6094467577181364,19.951543209876544,1.6094412241341933,19.932407407407407,False
RedNeuronalIntermedia,exp_2,0.0005,500,2048,29,20.05648148148148,239,1.609442710374531,20.03796296296296,1.6094414940420187,19.932407407407407,False
RedNeuronalIntermedia,exp_2,0.0005,500,2048,29,20.05648148148148,240,1.6094436334308826,20.05154320987654,1.6094434058891152,20.010185185185186,False
RedNeuronalIntermedia,exp_2,0.0005,500,2048,29,20.05648148148148,241,1.6094442257128263,19.922736625514403,1.6094415457743518,20.05648148148148,False
RedNeuronalIntermedia,exp_2,0.0005,500,2048,29,20.05648148148148,242,1.609445084270678,19.97911522633745,1.6094422182946835,19.974074074074075,False
RedNeuronalIntermedia,exp_2,0.0005,500,2048,29,20.05648148148148,243,1.609447031523052,19.987345679012346,1.609443799504694,19.974074074074075,False
RedNeuronalIntermedia,exp_2,0.0005,500,2048,29,20.05648148148148,244,1.6094430516895495,20.032818930041152,1.6094587591459166,19.974074074074075,False
RedNeuronalIntermedia,exp_2,0.0005,500,2048,29,20.05648148148148,245,1.6094443931077655,20.04393004115226,1.609451896739456,20.026851851851852,False
RedNeuronalIntermedia,exp_2,0.0005,500,2048,29,20.05648148148148,246,1.6094449525130423,20.003189300411524,1.609452616493657,19.974074074074075,False
RedNeuronalIntermedia,exp_2,0.0005,500,2048,29,20.05648148148148,247,1.6094460341804906,19.944958847736626,1.6094403851707026,20.026851851851852,False
RedNeuronalIntermedia,exp_2,0.0005,500,2048,29,20.05648148148148,248,1.6094450190192775,19.91059670781893,1.609441431063526,20.026851851851852,False
RedNeuronalIntermedia,exp_2,0.0005,500,2048,29,20.05648148148148,249,1.6094436439714934,19.94218106995885,1.609440601096963,19.974074074074075,False
RedNeuronalIntermedia,exp_2,0.0005,500,2048,29,20.05648148148148,250,1.6094421451970151,20.051234567901236,1.609444798163648,20.026851851851852,False
RedNeuronalIntermedia,exp_2,0.0005,500,2048,29,20.05648148148148,251,1.6094449138641358,19.938991769547325,1.6094387049944896,19.974074074074075,False
RedNeuronalIntermedia,exp_2,0.0005,500,2048,29,20.05648148148148,252,1.6094444724133141,19.947633744855967,1.6094382978835196,20.05648148148148,False
RedNeuronalIntermedia,exp_2,0.0005,500,2048,29,20.05648148148148,253,1.6094440141477082,19.94835390946502,1.6094422947685674,19.932407407407407,False
RedNeuronalIntermedia,exp_2,0.0005,500,2048,29,20.05648148148148,254,1.6094455939845036,19.95606995884774,1.6094362668271334,20.026851851851852,False
RedNeuronalIntermedia,exp_2,0.0005,500,2048,29,20.05648148148148,255,1.6094452373605026,19.95627572016461,1.6094448836344593,19.932407407407407,False
RedNeuronalIntermedia,exp_2,0.0005,500,2048,29,20.05648148148148,256,1.6094434226186651,20.023765432098767,1.6094444877696488,20.026851851851852,False
RedNeuronalIntermedia,exp_2,0.0005,500,2048,29,20.05648148148148,257,1.6094422784604525,19.988991769547326,1.6094424971994363,20.05648148148148,False
RedNeuronalIntermedia,exp_2,0.0005,500,2048,29,20.05648148148148,258,1.6094400117271825,20.02551440329218,1.6094465390691217,20.026851851851852,False
RedNeuronalIntermedia,exp_2,0.0005,500,2048,29,20.05648148148148,259,1.609446046226903,19.988477366255143,1.6094362825717565,20.05648148148148,False
RedNeuronalIntermedia,exp_2,0.0005,500,2048,29,20.05648148148148,260,1.6094679290369938,19.973148148148148,1.6094405538630936,20.05648148148148,False
RedNeuronalIntermedia,exp_2,0.0005,500,2048,29,20.05648148148148,261,1.6094425058364867,20.040123456790123,1.609445239013096,19.974074074074075,False
RedNeuronalIntermedia,exp_2,0.0005,500,2048,29,20.05648148148148,262,1.609444428745069,19.990329218106996,1.6094461387058474,19.974074074074075,False
RedNeuronalIntermedia,exp_2,0.0005,500,2048,29,20.05648148148148,263,1.6094451141357422,19.969135802469136,1.6094389524099961,20.010185185185186,False
RedNeuronalIntermedia,exp_2,0.0005,500,2048,29,20.05648148148148,264,1.6094450739810342,20.012345679012345,1.6094478931067124,20.026851851851852,False
RedNeuronalIntermedia,exp_2,0.0005,500,2048,29,20.05648148148148,265,1.6094452905654908,20.004732510288065,1.6094428255872906,19.932407407407407,False
RedNeuronalIntermedia,exp_2,0.0005,500,2048,29,20.05648148148148,266,1.6094433335254066,20.045164609053497,1.6094497757137947,19.974074074074075,False
RedNeuronalIntermedia,exp_2,0.0005,500,2048,29,20.05648148148148,267,1.6094452534223858,19.981069958847737,1.6094396136841684,20.026851851851852,False
RedNeuronalIntermedia,exp_2,0.0005,500,2048,29,20.05648148148148,268,1.6094430429057072,20.01090534979424,1.6094497757137947,19.974074074074075,False
RedNeuronalIntermedia,exp_2,0.0005,500,2048,29,20.05648148148148,269,1.609445571899414,19.974691358024693,1.6094388354499385,19.932407407407407,False
RedNeuronalIntermedia,exp_2,0.0005,500,2048,29,20.05648148148148,270,1.6094449565285132,19.95298353909465,1.6094474635034237,19.974074074074075,False
RedNeuronalIntermedia,exp_2,0.0005,500,2048,29,20.05648148148148,271,1.609444351196289,19.98940329218107,1.609436219593264,20.05648148148148,False
RedNeuronalIntermedia,exp_2,0.0005,500,2048,29,20.05648148148148,272,1.6094446593836733,19.973148148148148,1.6094429178057976,20.026851851851852,False
RedNeuronalIntermedia,exp_2,0.0005,500,2048,29,20.05648148148148,273,1.609443537561517,20.00030864197531,1.6094376860924486,20.026851851851852,False
RedNeuronalIntermedia,exp_2,0.0005,500,2048,29,20.05648148148148,274,1.6094439694755955,19.952263374485597,1.6094510352836464,20.026851851851852,False
RedNeuronalIntermedia,exp_2,0.0005,500,2048,29,20.05648148148148,275,1.6094442550759567,20.02417695473251,1.609437443175406,20.05648148148148,False
RedNeuronalIntermedia,exp_2,0.0005,500,2048,29,20.05648148148148,276,1.6094424975545782,19.993930041152264,1.6094511994775735,19.974074074074075,False
RedNeuronalIntermedia,exp_2,0.0005,500,2048,29,20.05648148148148,277,1.6094467682587472,19.939711934156378,1.609438234905027,20.010185185185186,False
RedNeuronalIntermedia,exp_2,0.0005,500,2048,29,20.05648148148148,278,1.6094461704555312,19.976234567901233,1.609437753569405,20.026851851851852,False
RedNeuronalIntermedia,exp_2,0.0005,500,2048,29,20.05648148148148,279,1.6094457207228008,20.006893004115227,1.6094375758800867,20.026851851851852,False
RedNeuronalIntermedia,exp_2,0.0005,500,2048,29,20.05648148148148,280,1.6096192520543149,19.961831275720165,1.6094405561123255,20.026851851851852,False
RedNeuronalIntermedia,exp_2,0.0005,500,2048,29,20.05648148148148,281,1.6094446219896015,19.97746913580247,1.6094394584871687,20.010185185185186,False
RedNeuronalIntermedia,exp_2,0.0005,500,2048,29,20.05648148148148,282,1.6094453801606832,19.93117283950617,1.6094466875184257,19.974074074074075,False
RedNeuronalIntermedia,exp_2,0.0005,500,2048,29,20.05648148148148,283,1.609443588507803,19.974588477366254,1.6094458035702974,19.932407407407407,False
RedNeuronalIntermedia,exp_2,0.0005,500,2048,29,20.05648148148148,284,1.609445179136176,19.988477366255143,1.6094372160029862,19.974074074074075,False
RedNeuronalIntermedia,exp_2,0.0005,500,2048,29,20.05648148148148,285,1.6094435488550287,19.962345679012344,1.6094443123295623,19.932407407407407,False
RedNeuronalIntermedia,exp_2,0.0005,500,2048,29,20.05648148148148,286,1.6094446666617142,19.975,1.6094369708367113,20.010185185185186,False
RedNeuronalIntermedia,exp_2,0.0005,500,2048,29,20.05648148148148,287,1.6094448563927097,19.965740740740742,1.6094429268027253,19.974074074074075,False
RedNeuronalIntermedia,exp_2,0.0005,500,2048,29,20.05648148148148,288,1.6094427241777118,20.043518518518518,1.609439361770198,19.974074074074075,False
RedNeuronalIntermedia,exp_2,0.0005,500,2048,29,20.05648148148148,289,1.6094442964854994,19.970267489711933,1.6094386082775187,20.026851851851852,False
RedNeuronalIntermedia,exp_2,0.0005,500,2048,29,20.05648148148148,290,1.6094439827768425,19.907510288065843,1.6094376478555068,20.05648148148148,False
RedNeuronalIntermedia,exp_2,0.0005,500,2048,29,20.05648148148148,291,1.6094443554627267,20.007818930041154,1.6094411836480194,20.026851851851852,False
RedNeuronalIntermedia,exp_2,0.0005,500,2048,29,20.05648148148148,292,1.6094434828507274,20.011008230452674,1.609442359996292,19.974074074074075,False
RedNeuronalIntermedia,exp_2,0.0005,500,2048,29,20.05648148148148,293,1.6094438710965608,19.993312757201647,1.6094385363020987,20.010185185185186,False
RedNeuronalIntermedia,exp_2,0.0005,500,2048,29,20.05648148148148,294,1.6094433307647704,20.001748971193415,1.6094429313011889,19.974074074074075,False
RedNeuronalIntermedia,exp_2,0.0005,500,2048,29,20.05648148148148,295,1.6094446132057592,19.994135802469135,1.6094368088920161,20.026851851851852,False
RedNeuronalIntermedia,exp_2,0.0005,500,2048,29,20.05648148148148,296,1.6094431242189908,19.958127572016462,1.6094446452158802,19.932407407407407,False
RedNeuronalIntermedia,exp_2,0.0005,500,2048,29,20.05648148148148,297,1.6094452687313683,19.925102880658436,1.60944117240186,19.932407407407407,False
RedNeuronalIntermedia,exp_2,0.0005,500,2048,29,20.05648148148148,298,1.609446487175791,19.959876543209877,1.6094423487501324,19.974074074074075,False
RedNeuronalIntermedia,exp_2,0.0005,500,2048,29,20.05648148148148,299,1.6094464309591996,19.932304526748972,1.609441302857309,20.010185185185186,False
RedNeuronalIntermedia,exp_2,0.0005,500,2048,29,20.05648148148148,300,1.6135920695254677,19.985699588477367,1.6094398453550518,20.026851851851852,False
RedNeuronalIntermedia,exp_2,0.0005,500,2048,29,20.05648148148148,301,1.6094463950709292,19.977572016460904,1.6094423509993643,19.974074074074075,False
RedNeuronalIntermedia,exp_2,0.0005,500,2048,29,20.05648148148148,302,1.6094421785756161,20.029218106995884,1.6094380797080274,20.05648148148148,False
RedNeuronalIntermedia,exp_2,0.0005,500,2048,29,20.05648148148148,303,1.6094438178915726,19.95432098765432,1.6094367841504655,20.026851851851852,False
RedNeuronalIntermedia,exp_2,0.0005,500,2048,29,20.05648148148148,304,1.6094439549195139,20.00627572016461,1.6094544676114928,19.974074074074075,False
RedNeuronalIntermedia,exp_2,0.0005,500,2048,29,20.05648148148148,305,1.6094458381753218,19.984979423868314,1.609437105790624,20.026851851851852,False
RedNeuronalIntermedia,exp_2,0.0005,500,2048,29,20.05648148148148,306,1.6094442420256765,19.918827160493827,1.6094420068668869,20.026851851851852,False
RedNeuronalIntermedia,exp_2,0.0005,500,2048,29,20.05648148148148,307,1.6094423989245765,20.025308641975307,1.6094443505665041,20.026851851851852,False
RedNeuronalIntermedia,exp_2,0.0005,500,2048,29,20.05648148148148,308,1.6094433106874164,20.029938271604937,1.609447105875555,19.974074074074075,False
RedNeuronalIntermedia,exp_2,0.0005,500,2048,29,20.05648148148148,309,1.6094422568772968,20.031584362139917,1.6094412376295846,20.026851851851852,False
RedNeuronalIntermedia,exp_2,0.0005,500,2048,29,20.05648148148148,310,1.6094473249033878,19.981893004115225,1.6094379290094916,20.026851851851852,False
RedNeuronalIntermedia,exp_2,0.0005,500,2048,29,20.05648148148148,311,1.609440143986752,20.045061728395062,1.6094570407327615,19.974074074074075,False
RedNeuronalIntermedia,exp_2,0.0005,500,2048,29,20.05648148148148,312,1.6094461328104923,19.961008230452673,1.6094511230036896,20.026851851851852,False
RedNeuronalIntermedia,exp_2,0.0005,500,2048,29,20.05648148148148,313,1.6094455161847567,20.01872427983539,1.6094410846818168,19.974074074074075,False
RedNeuronalIntermedia,exp_2,0.0005,500,2048,29,20.05648148148148,314,1.6094458773261622,19.929526748971192,1.6094376883416806,19.974074074074075,False
RedNeuronalIntermedia,exp_2,0.0005,500,2048,29,20.05648148148148,315,1.6094441165422138,19.896913580246913,1.609440344684529,19.932407407407407,False
RedNeuronalIntermedia,exp_2,0.0005,500,2048,29,20.05648148148148,316,1.6094438798804032,19.982921810699587,1.609444892631387,19.974074074074075,False
RedNeuronalIntermedia,exp_2,0.0005,500,2048,29,20.05648148148148,317,1.6094448503695036,19.965123456790124,1.6094505539480246,20.026851851851852,False
RedNeuronalIntermedia,exp_2,0.0005,500,2048,29,20.05648148148148,318,1.6094959211349487,19.962345679012344,1.6094399240781676,19.974074074074075,False
RedNeuronalIntermedia,exp_2,0.0005,500,2048,29,20.05648148148148,319,1.6094431749143099,20.000411522633744,1.609439157090097,19.974074074074075,False
RedNeuronalIntermedia,exp_2,0.0005,500,2048,29,20.05648148148148,320,1.609444990158081,19.94969135802469,1.6094383113789108,20.026851851851852,False
RedNeuronalIntermedia,exp_2,0.0005,500,2048,29,20.05648148148148,321,1.609443658527575,19.986522633744855,1.6094472700694822,19.974074074074075,False
RedNeuronalIntermedia,exp_2,0.0005,500,2048,29,20.05648148148148,322,1.6094448983041865,19.984670781893005,1.6094475737157858,20.010185185185186,False
RedNeuronalIntermedia,exp_2,0.0005,500,2048,29,20.05648148148148,323,1.6094454700068423,19.9179012345679,1.6094448116590392,19.974074074074075,False
RedNeuronalIntermedia,exp_2,0.0005,500,2048,29,20.05648148148148,324,1.6094462023283307,19.96738683127572,1.609441799937554,20.026851851851852,False
RedNeuronalIntermedia,exp_2,0.0005,500,2048,29,20.05648148148148,325,1.6094438078528956,20.038991769547327,1.6094462984013107,19.932407407407407,False
RedNeuronalIntermedia,exp_2,0.0005,500,2048,29,20.05648148148148,326,1.609445258943658,19.9679012345679,1.6094412511249758,20.026851851851852,False
RedNeuronalIntermedia,exp_2,0.0005,500,2048,29,20.05648148148148,327,1.6094450355830945,19.9130658436214,1.6094411251679905,20.026851851851852,False
RedNeuronalIntermedia,exp_2,0.0005,500,2048,29,20.05648148148148,328,1.6094457071705868,19.902880658436214,1.6094452637546468,19.974074074074075,False
RedNeuronalIntermedia,exp_2,0.0005,500,2048,29,20.05648148148148,329,1.6094448104657626,20.005864197530865,1.6094468202231065,19.932407407407407,False
RedNeuronalIntermedia,exp_2,0.0005,500,2048,29,20.05648148148148,330,1.6094451560472187,19.890329218106995,1.6094400005520515,20.026851851851852,False
RedNeuronalIntermedia,exp_2,0.0005,500,2048,29,20.05648148148148,331,1.6094429588317871,19.99701646090535,1.609442355497828,19.974074074074075,False
RedNeuronalIntermedia,exp_2,0.0005,500,2048,29,20.05648148148148,332,1.6094432130612826,19.985185185185184,1.6094422700270168,20.026851851851852,False
RedNeuronalIntermedia,exp_2,0.0005,500,2048,29,20.05648148148148,333,1.609443312695152,20.018106995884775,1.6094400320412978,20.05648148148148,False
RedNeuronalIntermedia,exp_2,0.0005,500,2048,29,20.05648148148148,334,1.6094448734584608,19.9440329218107,1.6094396069364727,20.010185185185186,False
RedNeuronalIntermedia,exp_2,0.0005,500,2048,29,20.05648148148148,335,1.609445070969431,19.947222222222223,1.6094377513201732,19.974074074074075,False
RedNeuronalIntermedia,exp_2,0.0005,500,2048,29,20.05648148148148,336,1.609442441839921,20.034567901234567,1.6094461881889488,19.932407407407407,False
RedNeuronalIntermedia,exp_2,0.0005,500,2048,29,20.05648148148148,337,1.609448087591874,19.988168724279834,1.6094386914990984,20.05648148148148,False
RedNeuronalIntermedia,exp_2,0.0005,500,2048,29,20.05648148148148,338,1.609442899101659,19.994958847736626,1.6094466380353243,19.932407407407407,False
RedNeuronalIntermedia,exp_2,0.0005,500,2048,29,20.05648148148148,339,1.6094434745688186,20.01090534979424,1.6094552683380414,19.974074074074075,False
RedNeuronalIntermedia,exp_2,0.0005,500,2048,29,20.05648148148148,340,1.609444607182553,20.041975308641977,1.6094422295408428,19.974074074074075,False
RedNeuronalIntermedia,exp_2,0.0005,500,2048,29,20.05648148148148,341,1.6094466703816463,20.005864197530865,1.6094418876575973,19.974074074074075,False
RedNeuronalIntermedia,exp_2,0.0005,500,2048,29,20.05648148148148,342,1.6094449994438573,19.942901234567902,1.6094483901869576,19.974074074074075,False
RedNeuronalIntermedia,exp_2,0.0005,500,2048,29,20.05648148148148,343,1.609440736268696,20.06491769547325,1.6094501175970402,20.026851851851852,False
RedNeuronalIntermedia,exp_2,0.0005,500,2048,29,20.05648148148148,344,1.609447028009515,19.982201646090534,1.6094399443212546,19.932407407407407,False
RedNeuronalIntermedia,exp_2,0.0005,500,2048,29,20.05648148148148,345,1.6094463328311317,19.94783950617284,1.6094397014042117,20.026851851851852,False
RedNeuronalIntermedia,exp_2,0.0005,500,2048,29,20.05648148148148,346,1.609444095460992,20.002263374485597,1.6094499826431274,19.932407407407407,False
RedNeuronalIntermedia,exp_2,0.0005,500,2048,29,20.05648148148148,347,1.6094457568620382,19.94372427983539,1.6094466875184257,19.974074074074075,False
RedNeuronalIntermedia,exp_2,0.0005,500,2048,29,20.05648148148148,348,1.609442747015702,19.99866255144033,1.6094542674298555,19.932407407407407,False
RedNeuronalIntermedia,exp_2,0.0005,500,2048,29,20.05648148148148,349,1.609443702697754,19.990946502057614,1.609443318169072,19.974074074074075,False
RedNeuronalIntermedia,exp_2,0.0005,500,2048,29,20.05648148148148,350,1.6094425846401015,19.956481481481482,1.6094371417783342,20.05648148148148,False
RedNeuronalIntermedia,exp_2,0.0005,500,2048,29,20.05648148148148,351,1.6094465278324328,19.9059670781893,1.6094423105131905,20.05648148148148,False
RedNeuronalIntermedia,exp_2,0.0005,500,2048,29,20.05648148148148,352,1.60944359528391,19.939506172839508,1.6094365637257415,20.05648148148148,False
RedNeuronalIntermedia,exp_2,0.0005,500,2048,29,20.05648148148148,353,1.609446819957934,19.96738683127572,1.6094450478283864,19.974074074074075,False
RedNeuronalIntermedia,exp_2,0.0005,500,2048,29,20.05648148148148,354,1.609442996225859,20.0059670781893,1.6094435993230567,20.026851851851852,False
RedNeuronalIntermedia,exp_2,0.0005,500,2048,29,20.05648148148148,355,1.6094448097128617,20.00329218106996,1.6094395731979947,19.974074074074075,False
RedNeuronalIntermedia,exp_2,0.0005,500,2048,29,20.05648148148148,356,1.6094453545620566,19.979732510288066,1.6094371665198848,20.026851851851852,False
RedNeuronalIntermedia,exp_2,0.0005,500,2048,29,20.05648148148148,357,1.6094446852332667,19.93261316872428,1.6094385093113162,20.010185185185186,False
RedNeuronalIntermedia,exp_2,0.0005,500,2048,29,20.05648148148148,358,1.60944444581082,19.98672839506173,1.6094406843185425,19.974074074074075,False
RedNeuronalIntermedia,exp_2,0.0005,500,2048,29,20.05648148148148,359,1.609444479691355,19.96934156378601,1.6094502210617065,19.932407407407407,False
RedNeuronalIntermedia,exp_2,0.0005,500,2048,29,20.05648148148148,360,1.6094452649668642,19.97716049382716,1.6094398093673419,20.010185185185186,False
RedNeuronalIntermedia,exp_2,0.0005,500,2048,29,20.05648148148148,361,1.609442404445849,20.000514403292183,1.609440675321615,20.026851851851852,False
RedNeuronalIntermedia,exp_2,0.0005,500,2048,29,20.05648148148148,362,1.6094453623420313,19.98744855967078,1.609437310470725,20.026851851851852,False
RedNeuronalIntermedia,exp_2,0.0005,500,2048,29,20.05648148148148,363,1.6094442756552445,19.963168724279836,1.6094496677506644,20.026851851851852,False
RedNeuronalIntermedia,exp_2,0.0005,500,2048,29,20.05648148148148,364,1.6094432371541074,19.931378600823045,1.6094375286462173,19.974074074074075,False
RedNeuronalIntermedia,exp_2,0.0005,500,2048,29,20.05648148148148,365,1.6094432364012066,19.968106995884774,1.609441489543555,19.974074074074075,False
RedNeuronalIntermedia,exp_2,0.0005,500,2048,29,20.05648148148148,366,1.6094450551585147,19.92119341563786,1.6094425219409871,20.026851851851852,False
RedNeuronalIntermedia,exp_2,0.0005,500,2048,29,20.05648148148148,367,1.609445263210096,19.95895061728395,1.6094408192724552,19.974074074074075,False
RedNeuronalIntermedia,exp_2,0.0005,500,2048,29,20.05648148148148,368,1.6094442756552445,19.952263374485597,1.6094458013210657,19.974074074074075,False
RedNeuronalIntermedia,exp_2,0.0005,500,2048,29,20.05648148148148,369,1.6094451994644967,19.92880658436214,1.609438936665373,20.026851851851852,False
RedNeuronalIntermedia,exp_2,0.0005,500,2048,29,20.05648148148148,370,1.6094430961106954,19.993004115226338,1.609447402774163,19.932407407407407,False
RedNeuronalIntermedia,exp_2,0.0005,500,2048,29,20.05648148148148,371,1.6094452177850824,19.94979423868313,1.6094474095218587,19.974074074074075,False
RedNeuronalIntermedia,exp_2,0.0005,500,2048,29,20.05648148148148,372,1.6094439293208875,19.988374485596708,1.6094472948110328,19.932407407407407,False
RedNeuronalIntermedia,exp_2,0.0005,500,2048,29,20.05648148148148,373,1.6094460394507961,19.964814814814815,1.6094385632928812,19.974074074074075,False
RedNeuronalIntermedia,exp_2,0.0005,500,2048,29,20.05648148148148,374,1.6094429937161898,19.96162551440329,1.6094587613951485,19.974074074074075,False
RedNeuronalIntermedia,exp_2,0.0005,500,2048,29,20.05648148148148,375,1.6094438620617515,19.983539094650205,1.6094430010273773,20.026851851851852,False
RedNeuronalIntermedia,exp_2,0.0005,500,2048,29,20.05648148148148,376,1.6094441679904334,19.941152263374487,1.609448938999536,19.974074074074075,False
RedNeuronalIntermedia,exp_2,0.0005,500,2048,29,20.05648148148148,377,1.6094466703816463,19.979218106995884,1.6094426051625665,20.026851851851852,False
RedNeuronalIntermedia,exp_2,0.0005,500,2048,29,20.05648148148148,378,1.6094445810819926,19.968827160493827,1.6094424814548132,19.974074074074075,False
RedNeuronalIntermedia,exp_2,0.0005,500,2048,29,20.05648148148148,379,1.6094439749968679,19.980349794238684,1.6094453987085595,20.010185185185186,False
RedNeuronalIntermedia,exp_2,0.0005,500,2048,29,20.05648148148148,380,1.6094448734584608,20.000720164609053,1.609438734234504,20.026851851851852,False
RedNeuronalIntermedia,exp_2,0.0005,500,2048,29,20.05648148148148,381,1.6094456404133848,19.992181069958846,1.6094454009577912,19.932407407407407,False
RedNeuronalIntermedia,exp_2,0.0005,500,2048,29,20.05648148148148,382,1.6094446724339535,20.016769547325104,1.609439175083952,19.974074074074075,False
RedNeuronalIntermedia,exp_2,0.0005,500,2048,29,20.05648148148148,383,1.6094451688465319,19.965946502057612,1.60944324394442,20.026851851851852,False
RedNeuronalIntermedia,exp_2,0.0005,500,2048,29,20.05648148148148,384,1.6094455829419587,19.959567901234568,1.609436624455002,20.05648148148148,False
RedNeuronalIntermedia,exp_2,0.0005,500,2048,29,20.05648148148148,385,1.6094443875864932,19.986625514403293,1.609436278073293,20.05648148148148,False
RedNeuronalIntermedia,exp_2,0.0005,500,2048,29,20.05648148148148,386,1.6094467225827669,19.97829218106996,1.609441318601932,20.026851851851852,False
RedNeuronalIntermedia,exp_2,0.0005,500,2048,29,20.05648148148148,387,1.6094443567175614,19.944958847736626,1.6094365074949444,20.026851851851852,False
RedNeuronalIntermedia,exp_2,0.0005,500,2048,29,20.05648148148148,388,1.6094450461237053,19.939300411522634,1.6094373374615076,20.05648148148148,False
RedNeuronalIntermedia,exp_2,0.0005,500,2048,29,20.05648148148148,389,1.6094436911532752,19.95442386831276,1.609437812049434,20.026851851851852,False
RedNeuronalIntermedia,exp_2,0.0005,500,2048,29,20.05648148148148,390,1.6094450318185907,19.951234567901235,1.609440949727904,20.026851851851852,False
RedNeuronalIntermedia,exp_2,0.0005,500,2048,29,20.05648148148148,391,1.609445686842266,19.931995884773663,1.6094399060843125,19.974074074074075,False
RedNeuronalIntermedia,exp_2,0.0005,500,2048,29,20.05648148148148,392,1.6094443421614797,19.981893004115225,1.6094446587112714,19.974074074074075,False
RedNeuronalIntermedia,exp_2,0.0005,500,2048,29,20.05648148148148,393,1.6094457475762618,19.992901234567903,1.609439474231792,19.974074074074075,False
RedNeuronalIntermedia,exp_2,0.0005,500,2048,29,20.05648148148148,394,1.6094461355711285,20.018312757201645,1.609439973561269,20.010185185185186,False
RedNeuronalIntermedia,exp_2,0.0005,500,2048,29,20.05648148148148,395,1.6094419250990215,20.001748971193415,1.6094549039624773,19.974074074074075,False
RedNeuronalIntermedia,exp_2,0.0005,500,2048,29,20.05648148148148,396,1.6094451743678042,19.935493827160492,1.6094378952710133,20.026851851851852,False
RedNeuronalIntermedia,exp_2,0.0005,500,2048,29,20.05648148148148,397,1.6094461717103656,19.9630658436214,1.6094398903396894,19.974074074074075,False
RedNeuronalIntermedia,exp_2,0.0005,500,2048,29,20.05648148148148,398,1.609440205222682,20.034567901234567,1.609444463028098,20.026851851851852,False
RedNeuronalIntermedia,exp_2,0.0005,500,2048,29,20.05648148148148,399,1.6094451972057944,19.911316872427985,1.6094426568948998,19.932407407407407,False
RedNeuronalIntermedia,exp_2,0.0005,500,2048,29,20.05648148148148,400,1.6094434346650777,19.93446502057613,1.6094393685178936,19.974074074074075,False
RedNeuronalIntermedia,exp_2,0.0005,500,2048,29,20.05648148148148,401,1.6094437074661254,19.97716049382716,1.6094438377416358,20.026851851851852,False
RedNeuronalIntermedia,exp_2,0.0005,500,2048,29,20.05648148148148,402,1.6094423959129736,19.993621399176956,1.6094508418497049,20.026851851851852,False
RedNeuronalIntermedia,exp_2,0.0005,500,2048,29,20.05648148148148,403,1.6094467112892552,19.983230452674896,1.6094391480931696,20.026851851851852,False
RedNeuronalIntermedia,exp_2,0.0005,500,2048,29,20.05648148148148,404,1.609444795658714,19.985905349794237,1.6094406730723831,20.026851851851852,False
RedNeuronalIntermedia,exp_2,0.0005,500,2048,29,20.05648148148148,405,1.609445591976768,19.954732510288064,1.6094383856035628,19.932407407407407,False
RedNeuronalIntermedia,exp_2,0.0005,500,2048,29,20.05648148148148,406,1.6094437491266351,19.979732510288066,1.609437661350898,19.974074074074075,False
RedNeuronalIntermedia,exp_2,0.0005,500,2048,29,20.05648148148148,407,1.609442800973591,20.03477366255144,1.6094467235061358,19.932407407407407,False
RedNeuronalIntermedia,exp_2,0.0005,500,2048,29,20.05648148148148,408,1.6094476589403655,19.983230452674896,1.6094393145363286,20.026851851851852,False
RedNeuronalIntermedia,exp_2,0.0005,500,2048,29,20.05648148148148,409,1.6094455264744005,19.92818930041152,1.6094430122735366,19.974074074074075,False
RedNeuronalIntermedia,exp_2,0.0005,500,2048,29,20.05648148148148,410,1.6094466088947497,19.938271604938272,1.6094383113789108,19.974074074074075,False
RedNeuronalIntermedia,exp_2,0.0005,500,2048,29,20.05648148148148,411,1.6094446694223505,19.975102880658437,1.6094408440140058,19.974074074074075,False
RedNeuronalIntermedia,exp_2,0.0005,500,2048,29,20.05648148148148,412,1.6094441722568713,19.981687242798355,1.6094451580407485,19.974074074074075,False
RedNeuronalIntermedia,exp_2,0.0005,500,2048,29,20.05648148148148,413,1.6094437511343704,20.03641975308642,1.6094385452990263,20.010185185185186,False
RedNeuronalIntermedia,exp_2,0.0005,500,2048,29,20.05648148148148,414,1.6094470277585482,19.979012345679013,1.6094394269979224,20.05648148148148,False
RedNeuronalIntermedia,exp_2,0.0005,500,2048,29,20.05648148148148,415,1.6094455937335366,20.019032921810698,1.609443871480114,19.932407407407407,False
RedNeuronalIntermedia,exp_2,0.0005,500,2048,29,20.05648148148148,416,1.6094437072151586,20.002880658436215,1.609445203025386,20.026851851851852,False
RedNeuronalIntermedia,exp_2,0.0005,500,2048,29,20.05648148148148,417,1.609443053446318,19.94969135802469,1.6094448116590392,19.974074074074075,False
RedNeuronalIntermedia,exp_2,0.0005,500,2048,29,20.05648148148148,418,1.6094449010648226,19.990020576131688,1.6094458328103118,20.026851851851852,False
RedNeuronalIntermedia,exp_2,0.0005,500,2048,29,20.05648148148148,419,1.6094440809049104,20.02088477366255,1.609448826537942,19.932407407407407,False
RedNeuronalIntermedia,exp_2,0.0005,500,2048,29,20.05648148148148,420,1.609443207790977,19.971810699588477,1.6094503177786774,19.932407407407407,False
RedNeuronalIntermedia,exp_2,0.0005,500,2048,29,20.05648148148148,421,1.6094452519165843,19.962962962962962,1.6094425511810015,20.010185185185186,False
RedNeuronalIntermedia,exp_2,0.0005,500,2048,29,20.05648148148148,422,1.6094446834764982,20.014506172839507,1.6094392830470823,20.010185185185186,False
RedNeuronalIntermedia,exp_2,0.0005,500,2048,29,20.05648148148148,423,1.6094447020480507,20.02037037037037,1.609445313237748,19.974074074074075,False
RedNeuronalIntermedia,exp_2,0.0005,500,2048,29,20.05648148148148,424,1.6094435614033749,19.985493827160493,1.609443189962855,19.974074074074075,False
RedNeuronalIntermedia,exp_2,0.0005,500,2048,29,20.05648148148148,425,1.6094415187835693,20.00298353909465,1.6094460194965579,19.974074074074075,False
RedNeuronalIntermedia,exp_2,0.0005,500,2048,29,20.05648148148148,426,1.6094450185173437,20.00329218106996,1.6094453987085595,19.974074074074075,False
RedNeuronalIntermedia,exp_2,0.0005,500,2048,29,20.05648148148148,427,1.6094461190073113,19.954938271604938,1.6094413275988597,19.932407407407407,False
RedNeuronalIntermedia,exp_2,0.0005,500,2048,29,20.05648148148148,428,1.6094415717375905,19.95380658436214,1.6094575198191516,19.932407407407407,False
RedNeuronalIntermedia,exp_2,0.0005,500,2048,29,20.05648148148148,429,1.6094466430262515,19.94506172839506,1.609439546207212,20.05648148148148,False
RedNeuronalIntermedia,exp_2,0.0005,500,2048,29,20.05648148148148,430,1.6094443258486295,19.986213991769546,1.6094356505375988,20.05648148148148,False
RedNeuronalIntermedia,exp_2,0.0005,500,2048,29,20.05648148148148,431,1.6094456637533088,19.978909465020575,1.6094370743013777,20.010185185185186,False
RedNeuronalIntermedia,exp_2,0.0005,500,2048,29,20.05648148148148,432,1.6094458559939735,19.94537037037037,1.6094412803649902,20.026851851851852,False
RedNeuronalIntermedia,exp_2,0.0005,500,2048,29,20.05648148148148,433,1.6094451289427907,19.998559670781894,1.6094436060707524,20.026851851851852,False
RedNeuronalIntermedia,exp_2,0.0005,500,2048,29,20.05648148148148,434,1.6094459864967747,19.944444444444443,1.6094386847514026,20.026851851851852,False
RedNeuronalIntermedia,exp_2,0.0005,500,2048,29,20.05648148148148,435,1.6094466834319265,19.92880658436214,1.6094378210463613,20.026851851851852,False
RedNeuronalIntermedia,exp_2,0.0005,500,2048,29,20.05648148148148,436,1.6094424373225162,20.029732510288067,1.6094367481627554,20.010185185185186,False
RedNeuronalIntermedia,exp_2,0.0005,500,2048,29,20.05648148148148,437,1.6094474338230333,19.88940329218107,1.6094384283389684,20.026851851851852,False
RedNeuronalIntermedia,exp_2,0.0005,500,2048,29,20.05648148148148,438,1.6094439147648059,19.987139917695472,1.6094412938603815,20.05648148148148,False
RedNeuronalIntermedia,exp_2,0.0005,500,2048,29,20.05648148148148,439,1.609444513069956,20.04094650205761,1.60944971048607,19.974074074074075,False
RedNeuronalIntermedia,exp_2,0.0005,500,2048,29,20.05648148148148,440,1.6094450857764797,19.958333333333332,1.6094440806586787,20.026851851851852,False
RedNeuronalIntermedia,exp_2,0.0005,500,2048,29,20.05648148148148,441,1.6094442759062115,20.002777777777776,1.6094459452719059,19.932407407407407,False
RedNeuronalIntermedia,exp_2,0.0005,500,2048,29,20.05648148148148,442,1.6094461985638266,19.91800411522634,1.6094434036398835,19.974074074074075,False
RedNeuronalIntermedia,exp_2,0.0005,500,2048,29,20.05648148148148,443,1.6094434203599628,20.03662551440329,1.609443797255462,19.974074074074075,False
RedNeuronalIntermedia,exp_2,0.0005,500,2048,29,20.05648148148148,444,1.6094444194592927,19.973251028806583,1.6094427536118705,19.974074074074075,False
RedNeuronalIntermedia,exp_2,0.0005,500,2048,29,20.05648148148148,445,1.6094452509127166,19.975925925925925,1.6094393010409374,20.010185185185186,False
RedNeuronalIntermedia,exp_2,0.0005,500,2048,29,20.05648148148148,446,1.6094446295186093,19.945781893004114,1.6094370270675082,20.010185185185186,False
RedNeuronalIntermedia,exp_2,0.0005,500,2048,29,20.05648148148148,447,1.6094452082483393,20.01574074074074,1.609438660009852,20.026851851851852,False
RedNeuronalIntermedia,exp_2,0.0005,500,2048,29,20.05648148148148,448,1.609445682575828,19.965329218106994,1.6094453042408206,19.932407407407407,False
RedNeuronalIntermedia,exp_2,0.0005,500,2048,29,20.05648148148148,449,1.6094451126299407,19.98425925925926,1.609441338845019,19.974074074074075,False
RedNeuronalIntermedia,exp_2,0.0005,500,2048,29,20.05648148148148,450,1.6094427680969239,20.032716049382717,1.6094406730723831,20.026851851851852,False
RedNeuronalIntermedia,exp_2,0.0005,500,2048,29,20.05648148148148,451,1.6094450446179038,19.993004115226338,1.6094437702646796,19.974074074074075,False
RedNeuronalIntermedia,exp_2,0.0005,500,2048,29,20.05648148148148,452,1.609444125577023,19.945781893004114,1.6094420518515244,20.05648148148148,False
RedNeuronalIntermedia,exp_2,0.0005,500,2048,29,20.05648148148148,453,1.609446419916655,19.980864197530863,1.6094417886913948,19.974074074074075,False
RedNeuronalIntermedia,exp_2,0.0005,500,2048,29,20.05648148148148,454,1.6094452298314947,19.982716049382717,1.6094391998255029,20.026851851851852,False
RedNeuronalIntermedia,exp_2,0.0005,500,2048,29,20.05648148148148,455,1.6094462974447954,19.90997942386831,1.6094435273476366,19.974074074074075,False
RedNeuronalIntermedia,exp_2,0.0005,500,2048,29,20.05648148148148,456,1.6094439473905062,19.992901234567903,1.6094377693140283,20.026851851851852,False
RedNeuronalIntermedia,exp_2,0.0005,500,2048,29,20.05648148148148,457,1.6094454551997939,19.992798353909464,1.6094460037519347,19.974074074074075,False
RedNeuronalIntermedia,exp_2,0.0005,500,2048,29,20.05648148148148,458,1.6094436203806024,19.943106995884772,1.6094418426729598,19.932407407407407,False
RedNeuronalIntermedia,exp_2,0.0005,500,2048,29,20.05648148148148,459,1.6094452471482126,19.938271604938272,1.6094397014042117,19.974074074074075,False
RedNeuronalIntermedia,exp_2,0.0005,500,2048,29,20.05648148148148,460,1.6094454649875038,19.978189300411522,1.6094376591016661,20.026851851851852,False
RedNeuronalIntermedia,exp_2,0.0005,500,2048,29,20.05648148148148,461,1.6094445321434423,19.987037037037037,1.6094401467521235,19.932407407407407,False
RedNeuronalIntermedia,exp_2,0.0005,500,2048,29,20.05648148148148,462,1.6094444613707692,19.97530864197531,1.6094400432874572,19.974074074074075,False
RedNeuronalIntermedia,exp_2,0.0005,500,2048,29,20.05648148148148,463,1.609445178634242,19.97530864197531,1.6094383901020266,20.026851851851852,False
RedNeuronalIntermedia,exp_2,0.0005,500,2048,29,20.05648148148148,464,1.6094455839458264,19.956687242798353,1.6094371957598992,20.010185185185186,False
RedNeuronalIntermedia,exp_2,0.0005,500,2048,29,20.05648148148148,465,1.6094441182989823,19.954218106995885,1.6094428323349863,19.932407407407407,False
RedNeuronalIntermedia,exp_2,0.0005,500,2048,29,20.05648148148148,466,1.609444034977963,19.962654320987653,1.60943940000714,19.974074074074075,False
RedNeuronalIntermedia,exp_2,0.0005,500,2048,29,20.05648148148148,467,1.6094439867923134,19.964300411522633,1.6094449016283143,20.026851851851852,False
RedNeuronalIntermedia,exp_2,0.0005,500,2048,29,20.05648148148148,468,1.6094430639869288,19.952572016460906,1.6094544023837682,20.026851851851852,False
RedNeuronalIntermedia,exp_2,0.0005,500,2048,29,20.05648148148148,469,1.6094454662423385,19.956378600823044,1.6094380797080274,20.026851851851852,False
RedNeuronalIntermedia,exp_2,0.0005,500,2048,29,20.05648148148148,470,1.609447563071,19.95864197530864,1.6094418066852498,19.974074074074075,False
RedNeuronalIntermedia,exp_2,0.0005,500,2048,29,20.05648148148148,471,1.6094436407089234,20.035493827160494,1.609441970879177,20.026851851851852,False
RedNeuronalIntermedia,exp_2,0.0005,500,2048,29,20.05648148148148,472,1.6094464271946958,19.96275720164609,1.6094392538070679,20.026851851851852,False
RedNeuronalIntermedia,exp_2,0.0005,500,2048,29,20.05648148148148,473,1.6094427357221905,19.99372427983539,1.609441433312758,20.010185185185186,False
RedNeuronalIntermedia,exp_2,0.0005,500,2048,29,20.05648148148148,474,1.6094464417507774,19.914197530864197,1.6094397801273275,19.932407407407407,False
RedNeuronalIntermedia,exp_2,0.0005,500,2048,29,20.05648148148148,475,1.609443278814617,19.992283950617285,1.6094430077750728,19.974074074074075,False
RedNeuronalIntermedia,exp_2,0.0005,500,2048,29,20.05648148148148,476,1.6094450714713648,19.972119341563786,1.6094434058891152,19.974074074074075,False
RedNeuronalIntermedia,exp_2,0.0005,500,2048,29,20.05648148148148,477,1.6094439875452142,19.942695473251028,1.6094417414575253,19.974074074074075,False
RedNeuronalIntermedia,exp_2,0.0005,500,2048,29,20.05648148148148,478,1.6094459162260357,20.05216049382716,1.6094385093113162,20.010185185185186,False
RedNeuronalIntermedia,exp_2,0.0005,500,2048,29,20.05648148148148,479,1.6094454012419048,19.970987654320986,1.609443835492404,19.974074074074075,False
RedNeuronalIntermedia,exp_2,0.0005,500,2048,29,20.05648148148148,480,1.6094457995264153,19.9511316872428,1.609439197576271,19.974074074074075,False
RedNeuronalIntermedia,exp_2,0.0005,500,2048,29,20.05648148148148,481,1.6094441988593653,19.980041152263375,1.6094434936091584,20.026851851851852,False
RedNeuronalIntermedia,exp_2,0.0005,500,2048,29,20.05648148148148,482,1.6094421060461748,19.961213991769547,1.6094426973810736,20.026851851851852,False
RedNeuronalIntermedia,exp_2,0.0005,500,2048,29,20.05648148148148,483,1.6094454110296148,19.916460905349794,1.609447013657048,19.932407407407407,False
RedNeuronalIntermedia,exp_2,0.0005,500,2048,29,20.05648148148148,484,1.6094433571162976,19.95565843621399,1.609437443175406,20.026851851851852,False
RedNeuronalIntermedia,exp_2,0.0005,500,2048,29,20.05648148148148,485,1.6094452586926913,19.97253086419753,1.6094399375735589,19.974074074074075,False
RedNeuronalIntermedia,exp_2,0.0005,500,2048,29,20.05648148148148,486,1.6094474298075625,19.93456790123457,1.6094387724714458,20.026851851851852,False
RedNeuronalIntermedia,exp_2,0.0005,500,2048,29,20.05648148148148,487,1.6094435817316959,19.911213991769547,1.6094442650956928,20.010185185185186,False
RedNeuronalIntermedia,exp_2,0.0005,500,2048,29,20.05648148148148,488,1.6094455570923654,19.919753086419753,1.6094486713409424,19.974074074074075,False
RedNeuronalIntermedia,exp_2,0.0005,500,2048,29,20.05648148148148,489,1.6094441920832583,19.97880658436214,1.6094429268027253,19.932407407407407,False
RedNeuronalIntermedia,exp_2,0.0005,500,2048,29,20.05648148148148,490,1.6094460846248426,19.956584362139917,1.609441802186786,19.932407407407407,False
RedNeuronalIntermedia,exp_2,0.0005,500,2048,29,20.05648148148148,491,1.6094422621476023,19.980967078189302,1.6094454189516463,19.974074074074075,False
RedNeuronalIntermedia,exp_2,0.0005,500,2048,29,20.05648148148148,492,1.6094454725165117,19.95843621399177,1.6094447194405321,20.026851851851852,False
RedNeuronalIntermedia,exp_2,0.0005,500,2048,29,20.05648148148148,493,1.6094436740875244,19.982407407407408,1.6094418471714236,19.974074074074075,False
RedNeuronalIntermedia,exp_2,0.0005,500,2048,29,20.05648148148148,494,1.6094439386066637,19.963991769547324,1.6094488400333333,19.974074074074075,False
RedNeuronalIntermedia,exp_2,0.0005,500,2048,29,20.05648148148148,495,1.6094457528465673,19.99866255144033,1.6094464535983104,19.932407407407407,False
RedNeuronalIntermedia,exp_2,0.0005,500,2048,29,20.05648148148148,496,1.6094414472579956,19.990946502057614,1.6094541414728705,19.932407407407407,False
RedNeuronalIntermedia,exp_2,0.0005,500,2048,29,20.05648148148148,497,1.6094454215702259,20.035185185185185,1.6094365952149876,20.05648148148148,False
RedNeuronalIntermedia,exp_2,0.0005,500,2048,29,20.05648148148148,498,1.6094437375821566,19.977572016460904,1.6094492786335495,20.026851851851852,False
RedNeuronalIntermedia,exp_2,0.0005,500,2048,29,20.05648148148148,499,1.6094428223057797,19.974691358024693,1.6094449848498937,20.05648148148148,False
RedNeuronalIntermedia,exp_2,0.0005,500,2048,29,20.05648148148148,500,1.609445017513476,19.93940329218107,1.60944749499267,20.026851851851852,False
